decimalLatitude,decimalLongitude,year,month,day,datetime,occurrence,season_num,elevation,soil_ph,gridmet_lat,gridmet_lon,gridmet_date,air_temperature,precipitation_amount,specific_humidity,relative_humidity,mean_vapor_pressure_deficit,potential_evapotranspiration,surface_downwelling_shortwave_flux_in_air,wind_speed
38.378205193610185,-100.7891866754647,1982.0,3.0,26.0,1982-03-26,1,,913.0,7.4,38.35833333333334,-100.80833330000002,1982-03-26,267.20001220703125,1.0,0.0025199998635798693,29.700000762939453,0.5699999928474426,5.200000286102295,207.5,6.700000286102295
48.33757,-116.01167,1979.0,5.0,23.0,1979-05-23,1,1.0,4000.0,5.8,48.358333333333334,-116.01666663333334,1979-05-23,293.3999938964844,1.100000023841858,0.006089999806135893,33.70000076293945,0.8100000023841858,4.800000190734863,285.5,4.300000190734863
43.711781932661,-119.71911575766468,1991.0,6.0,11.0,1991-06-11,1,,1463.0,7.0,43.69166666666667,-119.72499996666667,1991-06-11,280.5,0.0,0.006039999891072512,100.0,1.0199999809265137,8.300000190734863,350.8000183105469,5.599999904632568
43.26250017969848,-102.60154094260534,1989.0,7.0,9.0,1989-07-09,1,,959.0,7.6,43.275000000000006,-102.59999996666667,1989-07-09,311.29998779296875,0.0,0.007619999814778566,8.40000057220459,3.559999942779541,9.699999809265137,322.20001220703125,4.599999904632568
48.66667,-116.81667,1994.0,7.0,8.0,1994-07-08,1,2.0,933.0,6.2,48.650000000000006,-116.80833330000002,1994-07-08,282.1000061035156,0.0,0.008899999782443047,91.20000457763672,1.2300000190734863,6.099999904632568,329.6000061035156,3.5
45.5581063,-116.2759487,1984.0,6.0,12.0,1984-06-12,1,2.0,427.0,6.6,45.56666666666667,-116.26666663333334,1984-06-12,279.79998779296875,7.900000095367432,0.006399999838322401,45.0,0.6899999976158142,4.0,226.10000610351562,1.399999976158142
40.94529741364991,-112.34293596710103,1991.0,12.0,13.0,1991-12-13,1,,1282.0,,40.94166666666667,-112.34999996666667,1991-12-13,270.20001220703125,0.0,0.0025599999353289604,38.29999923706055,0.2800000011920929,1.8000000715255737,96.0999984741211,4.0
48.57174,-114.46332,1989.0,5.0,28.0,1989-05-28,1,1.0,1250.0,6.1,48.56666666666667,-114.47499996666667,1989-05-28,281.20001220703125,8.800000190734863,0.0038799999747425318,35.70000076293945,0.2800000011920929,2.1000001430511475,123.0999984741211,6.700000286102295
38.55922609376901,-103.6907845168763,2019.0,8.0,23.0,2019-08-23,1,,1442.0,7.9,38.56666666666667,-103.68333330000002,2019-08-23,285.70001220703125,0.0,0.010029999539256096,22.80000114440918,1.659999966621399,6.800000190734863,256.5,2.5
40.41936931664101,-117.29931407271013,2014.0,8.0,9.0,2014-08-09,1,,1411.0,8.5,40.400000000000006,-117.30833330000002,2014-08-09,305.6000061035156,0.0,0.007619999814778566,20.0,2.2200000286102295,9.0,273.70001220703125,3.200000047683716
45.487,-110.5189,1991.0,7.0,10.0,1991-07-10,1,2.0,2188.0,6.2,45.483333333333334,-110.51666663333334,1991-07-10,282.5,1.5,0.006339999847114086,67.0,1.2799999713897705,7.5,286.3000183105469,3.6000001430511475
43.7986,-110.7841,2006.0,6.0,22.0,2006-06-22,1,2.0,2819.0,5.9,43.81666666666667,-110.76666663333334,2006-06-22,274.70001220703125,0.0,0.004009999800473452,29.5,0.8899999856948853,5.200000286102295,321.3000183105469,3.9000000953674316
42.4170062404763,-106.32634361736709,2008.0,4.0,1.0,2008-04-01,1,,2271.0,7.2,42.400000000000006,-106.30833330000002,2008-04-01,258.5,1.8000000715255737,0.001779999933205545,49.29999923706055,0.14000000059604645,1.399999976158142,236.90000915527344,6.300000190734863
38.5917318128124,-104.61297424233251,1994.0,12.0,11.0,1994-12-11,1,,1645.0,7.9,38.60833333333334,-104.59999996666667,1994-12-11,279.29998779296875,0.0,0.0022399998269975185,34.0,0.29999998211860657,1.100000023841858,97.70000457763672,2.6000001430511475
47.64998733071918,-110.22394492609463,2003.0,9.0,29.0,2003-09-29,1,,939.0,7.4,47.650000000000006,-110.22499996666667,2003-09-29,288.0,0.0,0.004119999706745148,31.600000381469727,0.699999988079071,3.0,129.6999969482422,2.0
48.04833646944266,-123.42067827127859,2004.0,10.0,6.0,2004-10-06,1,,549.0,5.5,48.06666666666667,-123.43333330000002,2004-10-06,288.20001220703125,1.5,0.007319999858736992,61.79999923706055,0.3100000023841858,1.8000000715255737,150.1999969482422,4.300000190734863
44.5585,-109.7795,1986.0,8.0,14.0,1986-08-14,1,2.0,2761.0,5.8,44.56666666666667,-109.76666663333334,1986-08-14,288.8999938964844,0.0,0.005080000031739473,32.20000076293945,0.6399999856948853,5.0,264.8000183105469,3.6000001430511475
42.132453829766504,-106.10618266685317,2003.0,3.0,7.0,2003-03-07,1,,2097.0,7.7,42.150000000000006,-106.09999996666667,2003-03-07,276.1000061035156,0.0,0.002699999837204814,89.0,0.1899999976158142,1.600000023841858,183.3000030517578,9.199999809265137
44.253258169616096,-120.57021711432041,2003.0,3.0,25.0,2003-03-25,1,,1287.0,6.5,44.233333333333334,-120.55833330000002,2003-03-25,281.5,11.90000057220459,0.004629999864846468,95.4000015258789,0.22999998927116394,1.5,114.5999984741211,2.5
38.17601005528028,-105.81331801548224,2011.0,9.0,7.0,2011-09-07,1,,2614.0,7.5,38.19166666666667,-105.80833330000002,2011-09-07,275.6000061035156,4.099999904632568,0.007499999832361937,100.0,0.5899999737739563,3.6000001430511475,222.60000610351562,1.7000000476837158
39.919735077120386,-95.21128441184337,2009.0,1.0,1.0,2009-01-01,1,,254.0,7.6,39.900000000000006,-95.22499996666667,2009-01-01,265.6000061035156,0.0,0.0019299999112263322,36.0,0.35999998450279236,1.600000023841858,91.5,4.800000190734863
45.2794,-121.6756,1987.0,7.0,25.0,1987-07-25,1,2.0,1288.0,5.5,45.275000000000006,-121.68333330000002,1987-07-25,291.20001220703125,0.0,0.008049999363720417,100.0,0.41999998688697815,4.200000286102295,336.8999938964844,4.0
39.70278,-111.23333,1979.0,8.0,8.0,1979-08-08,1,2.0,2865.0,6.3,39.69166666666667,-111.22499996666667,1979-08-08,295.1000061035156,0.0,0.008609999902546406,29.30000114440918,0.7799999713897705,4.0,227.40000915527344,3.0
43.8291,-121.83286,2019.0,7.0,22.0,2019-07-22,1,2.0,1445.0,6.1,43.81666666666667,-121.84999996666667,2019-07-22,282.20001220703125,0.0,0.007969999685883522,32.29999923706055,1.1699999570846558,6.900000095367432,323.0,2.700000047683716
46.92032381432014,-101.49633634556682,1987.0,2.0,4.0,1987-02-04,1,,660.0,7.0,46.900000000000006,-101.51666663333334,1987-02-04,266.20001220703125,0.0,0.0024599998723715544,89.0999984741211,0.2199999988079071,0.9000000357627869,98.0,3.4000000953674316
39.80814383006617,-93.88542777571405,1983.0,6.0,7.0,1983-06-07,1,,264.0,6.1,39.81666666666667,-93.89166663333334,1983-06-07,281.79998779296875,0.0,0.0069599999114871025,90.0,1.0699999332427979,6.400000095367432,328.70001220703125,2.4000000953674316
42.73990194446752,-116.63262197389912,2001.0,3.0,12.0,2001-03-12,1,,1842.0,6.8,42.733333333333334,-116.64166663333334,2001-03-12,281.79998779296875,0.0,0.003289999905973673,36.70000076293945,0.32999998331069946,2.1000001430511475,208.60000610351562,4.300000190734863
42.33905220672262,-111.81519719733477,1993.0,1.0,4.0,1993-01-04,1,,1976.0,6.9,42.358333333333334,-111.80833330000002,1993-01-04,266.29998779296875,0.0,0.0012299999361857772,46.70000076293945,0.11999999731779099,1.100000023841858,56.10000228881836,5.300000190734863
40.871507458781316,-96.40395327888253,2019.0,10.0,4.0,2019-10-04,1,,405.0,6.0,40.85833333333334,-96.39166663333334,2019-10-04,279.5,23.30000114440918,0.006219999864697456,54.60000228881836,0.3499999940395355,1.899999976158142,98.20000457763672,4.700000286102295
41.010656980996764,-105.98980908543672,1988.0,2.0,17.0,1988-02-17,1,,2435.0,7.1,41.025000000000006,-105.97499996666667,1988-02-17,254.10000610351562,0.0,0.0014199999859556556,41.5,0.1599999964237213,1.7000000476837158,158.60000610351562,5.200000286102295
42.74195199276001,-113.35082282142459,2016.0,2.0,5.0,2016-02-05,1,,1320.0,7.9,42.733333333333334,-113.34999996666667,2016-02-05,272.70001220703125,0.0,0.0025199998635798693,34.60000228881836,0.07999999821186066,2.5,116.5,2.4000000953674316
45.2247,-121.7358,1996.0,8.0,1.0,1996-08-01,1,2.0,1036.0,5.7,45.233333333333334,-121.72499996666667,1996-08-01,293.1000061035156,0.0,0.005949999671429396,70.4000015258789,0.8399999737739563,7.200000286102295,326.70001220703125,6.099999904632568
45.633979841019446,-100.41461629204828,1986.0,2.0,24.0,1986-02-24,1,,486.0,,45.650000000000006,-100.43333330000002,1986-02-24,274.0,0.0,0.0020899998489767313,66.0,0.08999999612569809,0.9000000357627869,111.0999984741211,3.200000047683716
43.02044998243072,-122.54677031416914,1993.0,12.0,15.0,1993-12-15,1,,1213.0,5.6,43.025000000000006,-122.55833330000002,1993-12-15,276.3999938964844,0.0,0.004269999917596579,100.0,0.009999999776482582,0.20000000298023224,77.5999984741211,2.299999952316284
46.22007072532632,-116.49622041026608,2001.0,4.0,24.0,2001-04-24,1,,1194.0,6.5,46.233333333333334,-116.51666663333334,2001-04-24,290.70001220703125,0.30000001192092896,0.005750000011175871,55.0,0.5,3.200000047683716,274.6000061035156,1.5
41.92016297131869,-91.89107588074498,2015.0,8.0,8.0,2015-08-08,1,,246.0,6.1,41.900000000000006,-91.89166663333334,2015-08-08,291.5,38.60000228881836,0.014809999614953995,100.0,0.4599999785423279,3.6000001430511475,161.0,3.200000047683716
40.55016584075712,-119.59636613228602,1982.0,7.0,31.0,1982-07-31,1,,1182.0,8.5,40.56666666666667,-119.59999996666667,1982-07-31,309.1000061035156,0.0,0.005489999894052744,53.70000076293945,2.929999828338623,13.199999809265137,335.3000183105469,4.5
45.07688050621093,-114.06066502477769,2013.0,7.0,5.0,2013-07-05,1,,2076.0,6.4,45.06666666666667,-114.05833330000002,2013-07-05,298.0,1.7000000476837158,0.006289999932050705,68.30000305175781,1.309999942779541,5.700000286102295,310.6000061035156,2.9000000953674316
45.232551954918094,-101.27758639898585,1979.0,8.0,3.0,1979-08-03,1,,648.0,7.3,45.233333333333334,-101.26666663333334,1979-08-03,306.79998779296875,0.0,0.010420000180602074,22.899999618530273,1.9199999570846558,6.599999904632568,281.6000061035156,3.6000001430511475
44.5724,-121.87562,2017.0,6.0,6.0,2017-06-06,1,2.0,1205.0,5.8,44.56666666666667,-121.89166663333334,2017-06-06,298.29998779296875,0.0,0.0073899999260902405,81.9000015258789,1.090000033378601,5.599999904632568,350.8000183105469,2.6000001430511475
38.977290589260136,-91.88670003621115,2002.0,6.0,2.0,2002-06-02,1,,255.0,5.8,38.98333333333334,-91.89166663333334,2002-06-02,293.29998779296875,0.0,0.015119999647140503,94.20000457763672,1.1999999284744263,7.300000190734863,263.1000061035156,4.099999904632568
42.10272449769621,-115.67702442487281,1985.0,4.0,21.0,1985-04-21,1,,1561.0,7.6,42.108333333333334,-115.68333330000002,1985-04-21,281.8999938964844,7.200000286102295,0.003619999857619405,100.0,0.26999998092651367,2.200000047683716,191.90000915527344,5.0
41.12646519369242,-118.13192939954669,2011.0,10.0,28.0,2011-10-28,1,,1267.0,8.4,41.10833333333334,-118.14166663333334,2011-10-28,266.0,0.0,0.0012599999317899346,50.70000076293945,0.8799999952316284,2.700000047683716,150.5,1.399999976158142
38.99122723583551,-108.59048428560327,1981.0,1.0,27.0,1981-01-27,1,,1756.0,8.0,38.98333333333334,-108.59999996666667,1981-01-27,269.8999938964844,0.0,0.001829999964684248,18.5,0.5399999618530273,2.700000047683716,116.30000305175781,2.6000001430511475
43.966424792052436,-102.39794650748125,2018.0,11.0,1.0,2018-11-01,1,,852.0,7.5,43.983333333333334,-102.39166663333334,2018-11-01,270.0,0.0,0.0024999999441206455,72.70000457763672,0.6399999856948853,4.599999904632568,68.0,5.700000286102295
39.145228501347084,-113.45512651671189,1988.0,9.0,19.0,1988-09-19,1,,1528.0,8.3,39.150000000000006,-113.47499996666667,1988-09-19,297.8999938964844,0.0,0.002309999894350767,12.600000381469727,1.5299999713897705,8.699999809265137,216.90000915527344,4.400000095367432
39.73053853842345,-122.38235480397165,1995.0,12.0,17.0,1995-12-17,1,,192.0,6.4,39.73333333333334,-122.39166663333334,1995-12-17,287.5,0.4000000059604645,0.00419999985024333,90.0,0.5,1.8000000715255737,92.5,4.400000095367432
42.44152622678517,-117.21626705509703,1990.0,12.0,16.0,1990-12-16,1,,1316.0,7.8,42.44166666666667,-117.22499996666667,1990-12-16,264.29998779296875,0.0,0.0021199998445808887,96.0,0.17000000178813934,0.800000011920929,64.9000015258789,1.899999976158142
48.26878127908848,-115.649750775988,2016.0,1.0,21.0,2016-01-21,1,,2011.0,5.9,48.275000000000006,-115.64166663333334,2016-01-21,273.3999938964844,9.90000057220459,0.002940000034868717,71.5,0.07000000029802322,1.2000000476837158,34.29999923706055,4.0
45.87989642377505,-96.72434708314171,2014.0,10.0,29.0,2014-10-29,1,,310.0,7.2,45.900000000000006,-96.72499996666667,2014-10-29,274.20001220703125,3.799999952316284,0.0030799999367445707,70.0999984741211,0.3499999940395355,2.4000000953674316,111.4000015258789,4.5
45.3154,-121.5641,1993.0,8.0,12.0,1993-08-12,1,2.0,1750.0,5.5,45.31666666666667,-121.55833330000002,1993-08-12,291.29998779296875,0.0,0.007340000011026859,79.80000305175781,0.5699999928474426,4.099999904632568,302.5,3.4000000953674316
47.4651473,-115.9365432,2007.0,6.0,27.0,2007-06-27,1,2.0,872.0,5.9,47.483333333333334,-115.93333330000002,2007-06-27,302.6000061035156,0.0,0.00646999990567565,29.0,1.6699999570846558,7.800000190734863,289.70001220703125,2.700000047683716
40.048720889824885,-96.49471673317615,2014.0,11.0,1.0,2014-11-01,1,,413.0,6.3,40.06666666666667,-96.47499996666667,2014-11-01,269.6000061035156,0.0,0.0017099999822676182,52.79999923706055,0.6499999761581421,4.599999904632568,136.90000915527344,5.0
42.36366127619061,-116.46679184888407,1987.0,5.0,20.0,1987-05-20,1,,1659.0,7.2,42.358333333333334,-116.47499996666667,1987-05-20,286.1000061035156,0.0,0.003169999923557043,77.5,0.6200000047683716,3.5,225.1999969482422,3.299999952316284
44.59704108808968,-112.51584922284758,1982.0,5.0,9.0,1982-05-09,1,,2031.0,7.4,44.608333333333334,-112.51666663333334,1982-05-09,285.5,6.099999904632568,0.003920000046491623,100.0,0.4699999988079071,3.799999952316284,267.8999938964844,2.1000001430511475
45.96345202859803,-122.40164637151368,1991.0,12.0,2.0,1991-12-02,1,,210.0,5.1,45.983333333333334,-122.39166663333334,1991-12-02,275.79998779296875,3.9000000953674316,0.005229999776929617,89.5,0.029999999329447746,0.30000001192092896,40.60000228881836,3.200000047683716
47.459431698321325,-99.04944194840778,2000.0,4.0,19.0,2000-04-19,1,,466.0,7.3,47.44166666666667,-99.05833330000002,2000-04-19,269.79998779296875,0.0,0.002849999815225601,29.399999618530273,0.4899999797344208,3.4000000953674316,276.8999938964844,6.0
45.76728978189608,-103.59555231197155,2006.0,5.0,21.0,2006-05-21,1,,970.0,7.5,45.775000000000006,-103.59999996666667,2006-05-21,278.70001220703125,0.0,0.007449999917298555,40.10000228881836,0.9199999570846558,5.5,306.20001220703125,5.5
44.11330917873623,-106.66574823568571,1983.0,2.0,25.0,1983-02-25,1,,1491.0,7.6,44.108333333333334,-106.68333330000002,1983-02-25,271.3999938964844,0.0,0.0027799999807029963,62.79999923706055,0.7799999713897705,3.0,137.5,4.0
39.96576639711842,-91.31502629130608,2003.0,7.0,27.0,2003-07-27,1,,211.0,5.6,39.98333333333334,-91.30833330000002,2003-07-27,296.0,7.400000095367432,0.014689999632537365,33.29999923706055,2.309999942779541,7.700000286102295,305.70001220703125,3.799999952316284
42.18279395451522,-117.61222461086884,1983.0,9.0,6.0,1983-09-06,1,,1909.0,7.0,42.19166666666667,-117.59999996666667,1983-09-06,280.70001220703125,0.0,0.004259999841451645,47.0,1.709999918937683,5.5,252.5,3.4000000953674316
44.56667,-115.68333,1994.0,6.0,25.0,1994-06-25,1,2.0,1616.0,6.2,44.56666666666667,-115.68333330000002,1994-06-25,277.79998779296875,0.0,0.0049299998208880424,62.29999923706055,1.5499999523162842,6.800000190734863,299.8999938964844,4.700000286102295
43.811114801316386,-121.20073570912236,1988.0,2.0,22.0,1988-02-22,1,,1759.0,6.1,43.81666666666667,-121.18333330000002,1988-02-22,270.29998779296875,0.0,0.0017399999778717756,18.0,0.6800000071525574,3.1000001430511475,174.60000610351562,2.299999952316284
39.86949558516196,-114.79961139594981,1997.0,2.0,14.0,1997-02-14,1,,1796.0,8.3,39.85833333333334,-114.80833330000002,1997-02-14,279.0,0.0,0.002739999908953905,42.79999923706055,0.22999998927116394,1.3000000715255737,157.6999969482422,2.700000047683716
40.66203271966309,-95.68332980973014,1994.0,2.0,6.0,1994-02-06,1,,338.0,7.0,40.650000000000006,-95.68333330000002,1994-02-06,276.0,0.0,0.001829999964684248,90.5999984741211,0.23999999463558197,1.8000000715255737,124.30000305175781,3.5
44.75286352364069,-89.96154664772615,1992.0,10.0,6.0,1992-10-06,1,,379.0,5.4,44.733333333333334,-89.97499996666667,1992-10-06,276.1000061035156,0.0,0.006539999973028898,45.0,0.3400000035762787,2.0,106.0,2.299999952316284
39.95156193943805,-99.04455151455869,1981.0,12.0,27.0,1981-12-27,1,,624.0,7.2,39.94166666666667,-99.05833330000002,1981-12-27,275.0,0.0,0.0021899999119341373,90.20000457763672,0.1599999964237213,0.699999988079071,90.20000457763672,3.4000000953674316
39.69055260420742,-107.06231321288074,1985.0,2.0,13.0,1985-02-13,1,,2132.0,7.4,39.69166666666667,-107.05833330000002,1985-02-13,277.20001220703125,0.0,0.0025499998591840267,100.0,0.2199999988079071,1.2000000476837158,159.1999969482422,2.799999952316284
46.24667,-117.75611,2001.0,7.0,14.0,2001-07-14,1,2.0,1333.0,6.4,46.233333333333334,-117.76666663333334,2001-07-14,297.70001220703125,0.0,0.006490000057965517,32.5,1.25,5.900000095367432,322.8999938964844,3.6000001430511475
44.84741102363378,-118.50089533016698,1986.0,11.0,29.0,1986-11-29,1,,1426.0,6.3,44.858333333333334,-118.51666663333334,1986-11-29,266.70001220703125,0.800000011920929,0.0030999998562037945,55.60000228881836,0.07000000029802322,0.4000000059604645,83.30000305175781,4.700000286102295
41.68668528241988,-89.80574545806337,1984.0,3.0,18.0,1984-03-18,1,,191.0,5.9,41.69166666666667,-89.80833330000002,1984-03-18,274.6000061035156,6.300000190734863,0.002469999948516488,98.70000457763672,0.1599999964237213,1.600000023841858,178.5,3.299999952316284
47.43216,-112.80214,2018.0,7.0,26.0,2018-07-26,1,2.0,1770.0,6.0,47.44166666666667,-112.80833330000002,2018-07-26,294.79998779296875,8.40000057220459,0.007809999864548445,87.70000457763672,0.7899999618530273,5.099999904632568,272.6000061035156,2.299999952316284
47.215491784594526,-110.86335551815412,1992.0,8.0,23.0,1992-08-23,1,,1548.0,6.5,47.233333333333334,-110.84999996666667,1992-08-23,278.0,4.5,0.0038399999029934406,100.0,0.08999999612569809,1.2000000476837158,106.30000305175781,2.0
39.804975890581716,-119.34752644237285,2018.0,7.0,13.0,2018-07-13,1,,1237.0,8.0,39.81666666666667,-119.34999996666667,2018-07-13,308.1000061035156,0.0,0.006819999776780605,44.79999923706055,3.0199999809265137,10.5,337.5,2.9000000953674316
42.866273472813084,-99.45785648894513,1990.0,3.0,22.0,1990-03-22,1,,686.0,6.6,42.858333333333334,-99.47499996666667,1990-03-22,284.8999938964844,0.0,0.0033199999015778303,30.80000114440918,0.3700000047683716,3.4000000953674316,179.0,5.900000095367432
41.137039266981034,-114.75399358050802,2000.0,12.0,28.0,2000-12-28,1,,1893.0,7.8,41.150000000000006,-114.76666663333334,2000-12-28,274.6000061035156,0.0,0.0022899999748915434,43.5,0.1899999976158142,0.699999988079071,96.20000457763672,1.100000023841858
39.18650444536874,-88.33796842420529,1984.0,5.0,10.0,1984-05-10,1,,182.0,5.9,39.19166666666667,-88.34999996666667,1984-05-10,279.6000061035156,0.699999988079071,0.007049999665468931,45.400001525878906,0.6699999570846558,5.900000095367432,261.6000061035156,5.900000095367432
41.8939578,-111.6437378,1982.0,9.0,1.0,1982-09-01,1,3.0,2456.0,6.3,41.900000000000006,-111.64166663333334,1982-09-01,290.70001220703125,0.0,0.005679999943822622,31.600000381469727,0.8499999642372131,4.0,252.0,3.1000001430511475
45.23040405083825,-98.51535533316871,1994.0,9.0,21.0,1994-09-21,1,,391.0,7.1,45.233333333333334,-98.51666663333334,1994-09-21,291.70001220703125,3.5,0.0077299997210502625,30.600000381469727,0.3199999928474426,1.899999976158142,112.5,4.300000190734863
47.98292470367494,-120.59942036314608,2006.0,11.0,8.0,2006-11-08,1,,1409.0,5.7,47.983333333333334,-120.59999996666667,2006-11-08,275.0,1.100000023841858,0.0031399999279528856,60.0,0.17000000178813934,1.3000000715255737,89.20000457763672,4.400000095367432
48.88333,-118.76667,1985.0,7.0,27.0,1985-07-27,1,2.0,1116.0,6.3,48.900000000000006,-118.76666663333334,1985-07-27,305.5,0.0,0.003909999970346689,50.60000228881836,2.450000047683716,6.300000190734863,310.6000061035156,2.200000047683716
42.05862649209637,-105.41841094208442,1984.0,3.0,7.0,1984-03-07,1,,2120.0,7.4,42.06666666666667,-105.43333330000002,1984-03-07,273.0,0.0,0.002369999885559082,79.80000305175781,0.1599999964237213,1.899999976158142,133.3000030517578,7.700000286102295
44.6381411055461,-95.2725750501616,2013.0,5.0,6.0,2013-05-06,1,,312.0,7.2,44.650000000000006,-95.26666663333334,2013-05-06,293.3999938964844,0.0,0.005699999630451202,95.5,0.7400000095367432,3.0,208.10000610351562,1.2000000476837158
46.97195338807466,-107.46912287283271,2012.0,4.0,7.0,2012-04-07,1,,990.0,7.5,46.983333333333334,-107.47499996666667,2012-04-07,283.5,2.200000047683716,0.003069999860599637,31.100000381469727,0.4099999964237213,2.700000047683716,194.1999969482422,6.200000286102295
47.89985927493667,-94.25731892288061,1983.0,11.0,21.0,1983-11-21,1,,428.0,6.4,47.900000000000006,-94.26666663333334,1983-11-21,268.20001220703125,1.0,0.002469999948516488,100.0,0.07000000029802322,0.4000000059604645,49.20000076293945,6.0
48.87630699174686,-116.61357805891396,1998.0,2.0,11.0,1998-02-11,1,,1683.0,5.6,48.858333333333334,-116.59999996666667,1998-02-11,271.79998779296875,6.099999904632568,0.0037899999879300594,100.0,0.0,0.30000001192092896,60.60000228881836,2.5
44.80774204062737,-97.09182719322219,2014.0,10.0,17.0,2014-10-17,1,,525.0,7.1,44.81666666666667,-97.09999996666667,2014-10-17,277.29998779296875,0.0,0.005450000055134296,95.20000457763672,0.10999999940395355,1.399999976158142,140.10000610351562,9.40000057220459
46.78652,-115.30446,2005.0,7.0,8.0,2005-07-08,1,2.0,2028.0,5.7,46.775000000000006,-115.30833330000002,2005-07-08,285.20001220703125,0.0,0.007860000245273113,38.79999923706055,1.1299999952316284,7.700000286102295,328.8999938964844,4.099999904632568
48.52416309027051,-100.23241037546092,1982.0,11.0,28.0,1982-11-28,1,,452.0,7.8,48.525000000000006,-100.22499996666667,1982-11-28,271.29998779296875,0.0,0.0019199999514967203,57.0,0.09999999403953552,0.20000000298023224,67.4000015258789,2.0
44.8987935,-111.5137316,1997.0,7.0,21.0,1997-07-21,1,2.0,2264.0,6.1,44.900000000000006,-111.51666663333334,1997-07-21,294.0,3.1000001430511475,0.008129999972879887,43.0,0.6299999952316284,5.700000286102295,324.8999938964844,3.5
48.25407872516689,-96.81254459912397,2010.0,12.0,17.0,2010-12-17,1,,255.0,7.7,48.233333333333334,-96.80833330000002,2010-12-17,264.3999938964844,0.0,0.0009199999622069299,59.10000228881836,0.11999999731779099,0.5,36.5,3.200000047683716
48.576,-118.4445,1996.0,8.0,11.0,1996-08-11,1,2.0,1361.0,6.1,48.56666666666667,-118.43333330000002,1996-08-11,303.79998779296875,0.0,0.005619999952614307,39.400001525878906,2.25,9.600000381469727,295.0,3.6000001430511475
48.77132268422954,-95.28354278106063,2015.0,11.0,17.0,2015-11-17,1,,347.0,7.3,48.775000000000006,-95.26666663333334,2015-11-17,282.1000061035156,10.199999809265137,0.005140000022947788,69.4000015258789,0.1599999964237213,1.0,26.30000114440918,3.6000001430511475
38.33539026457972,-119.57816545877567,2013.0,2.0,22.0,2013-02-22,1,,2755.0,5.7,38.31666666666667,-119.55833330000002,2013-02-22,277.8999938964844,0.0,0.0016299999551847577,22.100000381469727,0.3400000035762787,2.5,192.3000030517578,2.9000000953674316
40.49940350546434,-119.1021401321048,2015.0,11.0,25.0,2015-11-25,1,,1418.0,8.2,40.48333333333334,-119.09999996666667,2015-11-25,274.0,0.30000001192092896,0.002699999837204814,57.29999923706055,0.12999999523162842,1.3000000715255737,45.400001525878906,6.900000095367432
45.57024932806961,-112.56545376681555,2020.0,4.0,14.0,2020-04-14,1,,1845.0,7.2,45.56666666666667,-112.55833330000002,2020-04-14,277.5,4.099999904632568,0.0024599998723715544,36.900001525878906,0.2800000011920929,3.1000001430511475,118.5999984741211,8.800000190734863
44.55663492209535,-117.42427646970799,1980.0,9.0,16.0,1980-09-16,1,,815.0,7.4,44.56666666666667,-117.43333330000002,1980-09-16,299.29998779296875,0.0,0.004789999686181545,76.4000015258789,1.459999918937683,4.300000190734863,227.90000915527344,2.700000047683716
47.6561007219391,-104.08253846744019,1983.0,1.0,30.0,1983-01-30,1,,601.0,7.7,47.650000000000006,-104.09999996666667,1983-01-30,260.0,0.0,0.001500000013038516,85.30000305175781,0.12999999523162842,0.4000000059604645,94.80000305175781,2.0
47.28981810907363,-99.32334810905257,1991.0,12.0,10.0,1991-12-10,1,,550.0,7.3,47.275000000000006,-99.30833330000002,1991-12-10,268.5,0.0,0.002579999854788184,55.5,0.2199999988079071,1.600000023841858,60.79999923706055,5.599999904632568
45.04905,-121.63385,1982.0,6.0,25.0,1982-06-25,1,2.0,1476.0,5.6,45.06666666666667,-121.64166663333334,1982-06-25,292.3999938964844,3.6000001430511475,0.007819999940693378,100.0,0.5600000023841858,5.599999904632568,308.5,5.0
45.727027382066616,-94.13332918894889,2005.0,4.0,28.0,2005-04-28,1,,339.0,5.7,45.733333333333334,-94.14166663333334,2005-04-28,281.0,0.0,0.002319999970495701,32.400001525878906,0.429999977350235,3.4000000953674316,176.10000610351562,3.799999952316284
40.98166674166113,-93.85459176236384,1992.0,5.0,3.0,1992-05-03,1,,356.0,6.4,40.98333333333334,-93.84999996666667,1992-05-03,296.29998779296875,0.0,0.004549999721348286,66.20000457763672,1.149999976158142,6.700000286102295,280.8999938964844,3.200000047683716
40.30464988717596,-88.70510772850042,1990.0,12.0,4.0,1990-12-04,1,,228.0,6.5,40.31666666666667,-88.72499996666667,1990-12-04,264.8999938964844,0.0,0.0018399999244138598,91.80000305175781,0.14000000059604645,1.399999976158142,100.0999984741211,7.099999904632568
44.40445,-121.75637,2018.0,5.0,14.0,2018-05-14,1,1.0,1164.0,6.2,44.400000000000006,-121.76666663333334,2018-05-14,297.70001220703125,0.0,0.0057299998588860035,82.4000015258789,1.1899999380111694,5.900000095367432,361.5,1.3000000715255737
41.4353591133383,-99.42478730587108,1988.0,3.0,16.0,1988-03-16,1,,732.0,7.2,41.44166666666667,-99.43333330000002,1988-03-16,260.1000061035156,0.0,0.0015399999683722854,20.100000381469727,0.23999999463558197,1.899999976158142,159.90000915527344,2.5
48.585023253848085,-93.28910328813235,1980.0,3.0,27.0,1980-03-27,1,,344.0,6.4,48.56666666666667,-93.30833330000002,1980-03-27,271.29998779296875,0.699999988079071,0.002469999948516488,43.70000076293945,0.28999999165534973,1.899999976158142,96.0999984741211,2.6000001430511475
43.733742085010604,-86.38424655281347,2003.0,12.0,14.0,2003-12-14,1,,186.0,5.0,43.733333333333334,-86.39166663333334,2003-12-14,274.70001220703125,0.30000001192092896,0.0024500000290572643,55.20000076293945,0.14000000059604645,0.9000000357627869,29.80000114440918,3.200000047683716
39.785495849196,-110.2719867038194,2009.0,8.0,14.0,2009-08-14,1,,2273.0,7.5,39.775000000000006,-110.26666663333334,2009-08-14,298.79998779296875,2.5,0.007160000037401915,16.899999618530273,1.6899999380111694,8.0,255.90000915527344,3.700000047683716
43.61033,-122.12933,2018.0,8.0,7.0,2018-08-07,1,2.0,1282.0,5.9,43.608333333333334,-122.14166663333334,2018-08-07,302.8999938964844,0.0,0.008429999463260174,78.9000015258789,1.559999942779541,7.400000095367432,314.8999938964844,2.6000001430511475
47.81682411864251,-120.43967014489623,1981.0,8.0,15.0,1981-08-15,1,,882.0,6.2,47.81666666666667,-120.43333330000002,1981-08-15,289.20001220703125,0.0,0.007910000160336494,22.200000762939453,2.200000047683716,5.700000286102295,274.6000061035156,2.299999952316284
48.60926823787331,-117.30832017421396,1983.0,6.0,21.0,1983-06-21,1,,894.0,6.0,48.608333333333334,-117.30833330000002,1983-06-21,278.3999938964844,0.0,0.005260000005364418,72.80000305175781,0.699999988079071,4.5,244.3000030517578,2.0
48.592705422907045,-115.27920491718498,1998.0,10.0,12.0,1998-10-12,1,,1068.0,6.5,48.608333333333334,-115.26666663333334,1998-10-12,272.79998779296875,0.0,0.004519999958574772,43.400001525878906,0.5399999618530273,1.899999976158142,87.0999984741211,3.0
47.41802,-115.84778,2013.0,9.0,2.0,2013-09-02,1,3.0,1476.0,5.8,47.400000000000006,-115.84999996666667,2013-09-02,297.20001220703125,0.0,0.00699999975040555,56.900001525878906,1.309999942779541,6.400000095367432,116.80000305175781,4.400000095367432
41.44054632195342,-100.09914451971031,2018.0,5.0,8.0,2018-05-08,1,,858.0,6.8,41.44166666666667,-100.09999996666667,2018-05-08,300.6000061035156,0.0,0.006969999987632036,81.0,1.399999976158142,8.300000190734863,271.0,4.300000190734863
48.20316369306488,-96.82486538527418,1990.0,9.0,15.0,1990-09-15,1,,254.0,7.7,48.19166666666667,-96.80833330000002,1990-09-15,281.3999938964844,0.30000001192092896,0.005529999732971191,89.70000457763672,0.7899999618530273,5.900000095367432,175.3000030517578,6.700000286102295
48.80729094915739,-94.62094674957679,2005.0,11.0,28.0,2005-11-28,1,,326.0,7.0,48.81666666666667,-94.64166663333334,2005-11-28,268.79998779296875,5.400000095367432,0.0020899998489767313,100.0,0.029999999329447746,0.4000000059604645,20.600000381469727,10.199999809265137
46.469037143449704,-106.21122967361174,2006.0,4.0,4.0,2006-04-04,1,,847.0,7.8,46.483333333333334,-106.22499996666667,2006-04-04,292.1000061035156,0.0,0.005109999794512987,100.0,0.6200000047683716,2.9000000953674316,205.3000030517578,2.6000001430511475
46.806691984928506,-117.8910905740438,1980.0,11.0,13.0,1980-11-13,1,,450.0,7.2,46.81666666666667,-117.89166663333334,1980-11-13,278.0,0.0,0.003060000017285347,100.0,0.17000000178813934,0.5,86.20000457763672,1.899999976158142
43.6628,-110.3971,1995.0,8.0,16.0,1995-08-16,1,2.0,2320.0,6.3,43.650000000000006,-110.39166663333334,1995-08-16,299.20001220703125,0.4000000059604645,0.005949999671429396,24.200000762939453,1.3899999856948853,6.400000095367432,265.3999938964844,5.900000095367432
47.94374308801658,-108.77111719293872,1992.0,3.0,10.0,1992-03-10,1,,1118.0,7.3,47.94166666666667,-108.76666663333334,1992-03-10,283.70001220703125,0.0,0.002859999891370535,95.5,0.4099999964237213,2.200000047683716,137.8000030517578,4.900000095367432
40.93631769987741,-89.88943484518546,1996.0,8.0,26.0,1996-08-26,1,,214.0,6.1,40.94166666666667,-89.89166663333334,1996-08-26,302.5,0.0,0.012319999746978283,99.4000015258789,0.9300000071525574,4.800000190734863,256.3000183105469,1.7000000476837158
44.085072910558814,-97.94719022456385,1984.0,5.0,19.0,1984-05-19,1,,392.0,7.1,44.06666666666667,-97.93333330000002,1984-05-19,287.0,0.0,0.006399999838322401,27.200000762939453,1.459999918937683,8.100000381469727,304.1000061035156,3.5
46.83812,-116.88001,2009.0,7.0,7.0,2009-07-07,1,2.0,1069.0,6.3,46.858333333333334,-116.89166663333334,2009-07-07,293.8999938964844,0.0,0.006779999937862158,32.900001525878906,0.5999999642372131,5.400000095367432,324.0,3.6000001430511475
44.3853,-122.0854,1979.0,6.0,27.0,1979-06-27,1,2.0,1507.0,5.4,44.400000000000006,-122.09999996666667,1979-06-27,296.8999938964844,0.0,0.006089999806135893,29.899999618530273,1.1399999856948853,5.400000095367432,355.8000183105469,2.0
43.63856,-110.79944,2018.0,8.0,4.0,2018-08-04,1,2.0,2028.0,6.2,43.650000000000006,-110.80833330000002,2018-08-04,295.5,0.0,0.004029999952763319,47.79999923706055,1.309999942779541,9.0,292.3000183105469,5.599999904632568
45.82849,-117.9637,2020.0,7.0,31.0,2020-07-31,1,2.0,1437.0,,45.81666666666667,-117.97499996666667,2020-07-31,305.20001220703125,0.0,0.008289999328553677,57.0,2.200000047683716,10.0,304.8999938964844,3.9000000953674316
38.71731692311284,-121.93346847390357,1996.0,3.0,5.0,1996-03-05,1,,40.0,7.1,38.73333333333334,-121.93333330000002,1996-03-05,287.20001220703125,1.399999976158142,0.005189999938011169,99.4000015258789,0.4399999976158142,2.200000047683716,120.70000457763672,4.599999904632568
44.38841679707772,-94.754409230849,2000.0,5.0,31.0,2000-05-31,1,,306.0,6.6,44.400000000000006,-94.76666663333334,2000-05-31,285.70001220703125,1.5,0.008630000054836273,50.10000228881836,0.6299999952316284,3.9000000953674316,212.3000030517578,4.800000190734863
45.53512493449688,-120.25867378945075,1997.0,4.0,27.0,1997-04-27,1,,356.0,7.1,45.525000000000006,-120.26666663333334,1997-04-27,291.70001220703125,0.9000000357627869,0.005219999700784683,35.29999923706055,0.7400000095367432,4.700000286102295,296.3999938964844,6.800000190734863
45.54470099844184,-117.35412395293626,1985.0,6.0,26.0,1985-06-26,1,,1209.0,7.0,45.525000000000006,-117.34999996666667,1985-06-26,296.70001220703125,0.0,0.00431999983265996,71.5999984741211,1.1899999380111694,5.400000095367432,319.3999938964844,2.799999952316284
37.95065662136626,-98.7186982131354,1982.0,1.0,13.0,1982-01-13,1,,584.0,6.5,37.94166666666667,-98.72499996666667,1982-01-13,256.20001220703125,0.0,0.0010400000028312206,42.70000076293945,0.17999999225139618,1.3000000715255737,116.0999984741211,3.4000000953674316
39.27361094941872,-86.0962219038004,1992.0,11.0,19.0,1992-11-19,1,,271.0,5.3,39.275000000000006,-86.09999996666667,1992-11-19,279.3999938964844,0.0,0.005549999885261059,59.20000076293945,0.38999998569488525,2.799999952316284,82.4000015258789,5.700000286102295
42.65547026015251,-97.05780863023159,2017.0,1.0,9.0,2017-01-09,1,,462.0,6.8,42.650000000000006,-97.05833330000002,2017-01-09,261.8999938964844,0.0,0.0016299999551847577,44.29999923706055,0.1899999976158142,0.9000000357627869,67.80000305175781,4.5
46.22525,-115.74239,2019.0,5.0,23.0,2019-05-23,1,1.0,1041.0,5.9,46.233333333333334,-115.72499996666667,2019-05-23,278.0,0.0,0.004859999753534794,30.0,0.85999995470047,6.099999904632568,273.3999938964844,3.799999952316284
38.78938149759922,-96.80927943135421,2008.0,1.0,22.0,2008-01-22,1,,433.0,6.8,38.775000000000006,-96.80833330000002,2008-01-22,259.0,0.0,0.001289999927394092,48.20000076293945,0.11999999731779099,0.699999988079071,115.20000457763672,3.9000000953674316
43.9445,-115.9107,1984.0,6.0,12.0,1984-06-12,1,2.0,1399.0,6.3,43.94166666666667,-115.89166663333334,1984-06-12,276.3999938964844,0.9000000357627869,0.005679999943822622,35.900001525878906,0.8199999928474426,5.400000095367432,307.3000183105469,2.200000047683716
45.3002,-121.7924,2003.0,7.0,24.0,2003-07-24,1,2.0,1193.0,5.3,45.31666666666667,-121.80833330000002,2003-07-24,282.8999938964844,0.0,0.005889999680221081,28.5,1.2300000190734863,5.900000095367432,282.1000061035156,4.800000190734863
44.39689,-122.09342,2019.0,9.0,1.0,2019-09-01,1,3.0,1065.0,5.7,44.400000000000006,-122.09999996666667,2019-09-01,281.79998779296875,0.5,0.008969999849796295,45.79999923706055,0.5999999642372131,3.700000047683716,254.3000030517578,3.200000047683716
42.87644886559662,-113.93667398589893,1998.0,11.0,30.0,1998-11-30,1,,1301.0,7.5,42.858333333333334,-113.93333330000002,1998-11-30,272.8999938964844,2.799999952316284,0.004900000058114529,58.79999923706055,0.14999999105930328,0.699999988079071,69.70000457763672,3.1000001430511475
46.973570293442286,-95.8523349940863,2002.0,3.0,3.0,2002-03-03,1,,434.0,,46.983333333333334,-95.84999996666667,2002-03-03,250.10000610351562,0.0,0.0005299999611452222,36.0,0.07000000029802322,0.800000011920929,166.60000610351562,5.300000190734863
46.31299850800575,-97.85135218696881,1991.0,2.0,13.0,1991-02-13,1,,418.0,7.4,46.31666666666667,-97.84999996666667,1991-02-13,275.0,0.6000000238418579,0.002360000042244792,100.0,0.12999999523162842,1.2000000476837158,51.29999923706055,5.400000095367432
47.81325828015882,-114.79374384238612,2019.0,6.0,1.0,2019-06-01,1,,1402.0,6.7,47.81666666666667,-114.80833330000002,2019-06-01,281.0,0.0,0.005570000037550926,27.399999618530273,1.090000033378601,6.200000286102295,295.5,2.5
42.0047,-123.4157,1992.0,5.0,24.0,1992-05-24,1,1.0,1722.0,5.4,42.025000000000006,-123.43333330000002,1992-05-24,301.1000061035156,0.0,0.006509999744594097,50.0,1.649999976158142,8.699999809265137,367.70001220703125,3.0
44.399813644396566,-106.46332639299882,2017.0,2.0,9.0,2017-02-09,1,,1314.0,7.7,44.400000000000006,-106.47499996666667,2017-02-09,264.3999938964844,0.0,0.002940000034868717,25.100000381469727,0.5600000023841858,2.799999952316284,108.70000457763672,6.800000190734863
41.85206882168416,-95.01405309742903,2006.0,12.0,15.0,2006-12-15,1,,442.0,6.3,41.85833333333334,-95.01666663333334,2006-12-15,281.6000061035156,0.0,0.0030300000216811895,32.60000228881836,0.32999998331069946,2.200000047683716,83.0999984741211,4.800000190734863
44.288030629837266,-119.23852004898723,1999.0,3.0,5.0,1999-03-05,1,,1622.0,6.4,44.275000000000006,-119.22499996666667,1999-03-05,261.79998779296875,0.0,0.002209999831393361,100.0,0.10999999940395355,1.0,127.70000457763672,1.899999976158142
40.05005671675622,-120.49198274616303,2008.0,2.0,8.0,2008-02-08,1,,1753.0,6.2,40.06666666666667,-120.47499996666667,2008-02-08,267.0,0.0,0.0019299999112263322,18.80000114440918,0.4599999785423279,1.5,160.1999969482422,1.8000000715255737
46.852450763986766,-100.44027885762813,1988.0,12.0,15.0,1988-12-15,1,,523.0,7.3,46.858333333333334,-100.43333330000002,1988-12-15,265.5,0.0,0.0010100000072270632,49.900001525878906,0.07999999821186066,0.6000000238418579,70.5999984741211,4.5
44.30858941265875,-87.95386573565143,1991.0,10.0,23.0,1991-10-23,1,,272.0,6.7,44.31666666666667,-87.93333330000002,1991-10-23,283.6000061035156,9.40000057220459,0.008859999477863312,54.79999923706055,0.5699999928474426,3.700000047683716,137.40000915527344,5.400000095367432
42.36083,-111.55972,1997.0,7.0,10.0,1997-07-10,1,2.0,2185.0,6.1,42.358333333333334,-111.55833330000002,1997-07-10,294.8999938964844,0.0,0.005949999671429396,20.5,1.2400000095367432,8.0,288.20001220703125,4.599999904632568
48.63231505586358,-120.64423163559796,2003.0,8.0,24.0,2003-08-24,1,,1763.0,5.9,48.650000000000006,-120.64166663333334,2003-08-24,279.5,0.0,0.004220000002533197,26.600000381469727,1.0099999904632568,3.9000000953674316,232.90000915527344,2.6000001430511475
41.1308131267764,-112.07172379242083,2011.0,6.0,11.0,2011-06-11,1,,1329.0,,41.150000000000006,-112.05833330000002,2011-06-11,283.20001220703125,0.0,0.006309999618679285,66.5,1.3700000047683716,7.400000095367432,330.5,2.700000047683716
48.246382185630495,-118.76972520795198,1988.0,1.0,18.0,1988-01-18,1,,1017.0,6.3,48.233333333333334,-118.76666663333334,1988-01-18,261.8999938964844,0.0,0.0017499999376013875,51.79999923706055,0.14000000059604645,0.5,51.5,1.3000000715255737
48.54317,-116.78856,1987.0,8.0,13.0,1987-08-13,1,2.0,762.0,5.8,48.525000000000006,-116.80833330000002,1987-08-13,290.79998779296875,6.5,0.007479999680072069,100.0,0.3499999940395355,2.0,116.70000457763672,2.799999952316284
45.40783,-121.44899,2020.0,8.0,3.0,2020-08-03,1,2.0,1168.0,5.8,45.400000000000006,-121.43333330000002,2020-08-03,297.0,0.0,0.007929999381303787,91.80000305175781,0.9199999570846558,5.800000190734863,312.3000183105469,2.4000000953674316
38.15110131139948,-118.79094043928839,1985.0,10.0,15.0,1985-10-15,1,,2150.0,7.4,38.150000000000006,-118.80833330000002,1985-10-15,268.8999938964844,0.0,0.0021799998357892036,15.5,0.8999999761581421,3.700000047683716,191.6999969482422,1.899999976158142
39.122097882089214,-121.95462387766986,2006.0,11.0,23.0,2006-11-23,1,,15.0,7.6,39.10833333333334,-121.97499996666667,2006-11-23,287.79998779296875,0.0,0.004579999949783087,36.0,0.5299999713897705,3.1000001430511475,121.5999984741211,4.300000190734863
46.82253,-113.9243,2019.0,6.0,1.0,2019-06-01,1,2.0,1302.0,6.3,46.81666666666667,-113.93333330000002,2019-06-01,281.1000061035156,0.0,0.006240000016987324,26.30000114440918,1.25,6.700000286102295,314.1000061035156,2.4000000953674316
47.44261673229788,-91.10253589053664,2004.0,7.0,20.0,2004-07-20,1,,365.0,5.4,47.44166666666667,-91.09999996666667,2004-07-20,298.3999938964844,0.5,0.011620000004768372,100.0,0.6200000047683716,5.0,281.8000183105469,2.299999952316284
44.754012648491944,-119.79299959175206,1995.0,9.0,25.0,1995-09-25,1,,1295.0,6.7,44.733333333333334,-119.80833330000002,1995-09-25,291.5,1.5,0.005270000081509352,63.70000076293945,0.8100000023841858,3.200000047683716,133.6999969482422,4.0
47.406089477527594,-118.47103000951513,2000.0,2.0,22.0,2000-02-22,1,,624.0,6.8,47.400000000000006,-118.47499996666667,2000-02-22,275.70001220703125,3.200000047683716,0.005489999894052744,59.400001525878906,0.09999999403953552,0.699999988079071,59.5,2.700000047683716
48.21194504649108,-111.66192357204122,1983.0,10.0,6.0,1983-10-06,1,,1039.0,7.5,48.19166666666667,-111.64166663333334,1983-10-06,274.70001220703125,0.0,0.004339999984949827,88.0,0.7400000095367432,2.5,115.5,3.299999952316284
44.16170306432191,-101.15934222354183,1996.0,9.0,21.0,1996-09-21,1,,662.0,7.7,44.150000000000006,-101.14166663333334,1996-09-21,278.5,0.0,0.006099999882280827,39.60000228881836,0.6299999952316284,3.9000000953674316,152.40000915527344,3.700000047683716
44.4183,-109.9463,1984.0,8.0,29.0,1984-08-29,1,2.0,2173.0,6.3,44.400000000000006,-109.93333330000002,1984-08-29,277.70001220703125,0.0,0.004689999856054783,25.80000114440918,0.7400000095367432,6.599999904632568,237.60000610351562,8.100000381469727
38.27853311195933,-115.9602335073582,1984.0,12.0,6.0,1984-12-06,1,,1676.0,8.4,38.275000000000006,-115.97499996666667,1984-12-06,264.70001220703125,0.0,0.0028299998957663774,42.70000076293945,0.25,1.100000023841858,93.0,3.200000047683716
47.058506974245645,-107.40346166487265,1996.0,1.0,13.0,1996-01-13,1,,983.0,7.4,47.06666666666667,-107.39166663333334,1996-01-13,279.3999938964844,0.0,0.0022899999748915434,67.5,0.3999999761581421,1.399999976158142,77.9000015258789,4.400000095367432
41.66902766568856,-118.69928378186742,2020.0,3.0,10.0,2020-03-10,1,,2576.0,6.7,41.650000000000006,-118.68333330000002,2020-03-10,281.6000061035156,0.0,0.0033599999733269215,38.400001525878906,0.38999998569488525,2.700000047683716,202.60000610351562,2.299999952316284
44.47628232921626,-102.79607087694019,1996.0,9.0,28.0,1996-09-28,1,,803.0,7.5,44.483333333333334,-102.80833330000002,1996-09-28,279.29998779296875,0.0,0.0058399997651577,30.5,1.0499999523162842,5.5,158.60000610351562,3.799999952316284
43.49680835531922,-89.9907097365536,2009.0,9.0,12.0,2009-09-12,1,,289.0,6.3,43.483333333333334,-89.97499996666667,2009-09-12,285.79998779296875,0.0,0.009639999829232693,41.20000076293945,1.090000033378601,3.299999952316284,208.40000915527344,1.3000000715255737
37.963351975093616,-114.04128103387573,1980.0,12.0,17.0,1980-12-17,1,,2406.0,6.9,37.98333333333334,-114.05833330000002,1980-12-17,286.79998779296875,0.0,0.003229999914765358,68.0,0.6299999952316284,1.899999976158142,109.5,3.299999952316284
42.8281,-110.8855,1991.0,6.0,16.0,1991-06-16,1,2.0,2134.0,6.4,42.81666666666667,-110.89166663333334,1991-06-16,276.5,0.0,0.004979999735951424,63.400001525878906,1.0299999713897705,8.5,310.8000183105469,6.5
44.774290583609385,-114.43766387335393,1987.0,11.0,21.0,1987-11-21,1,,2053.0,6.6,44.775000000000006,-114.43333330000002,1987-11-21,266.70001220703125,0.0,0.002309999894350767,24.200000762939453,0.22999998927116394,1.0,74.30000305175781,3.799999952316284
43.377202023275615,-121.36576983795908,2010.0,5.0,17.0,2010-05-17,1,,1664.0,6.2,43.358333333333334,-121.34999996666667,2010-05-17,288.79998779296875,0.800000011920929,0.004780000075697899,77.5,0.6499999761581421,5.400000095367432,292.3000183105469,4.0
40.001215697873974,-112.0612422494186,1990.0,7.0,26.0,1990-07-26,1,,2062.0,6.8,39.98333333333334,-112.05833330000002,1990-07-26,300.70001220703125,0.0,0.004859999753534794,51.400001525878906,1.8600000143051147,8.600000381469727,320.6000061035156,3.0
42.79564321527549,-108.21048651593983,2002.0,4.0,30.0,2002-04-30,1,,1754.0,7.7,42.775000000000006,-108.22499996666667,2002-04-30,277.0,0.0,0.004399999976158142,21.100000381469727,0.8100000023841858,5.0,245.1999969482422,2.700000047683716
48.44455831069406,-94.49915930940661,2020.0,3.0,7.0,2020-03-07,1,,356.0,6.2,48.44166666666667,-94.51666663333334,2020-03-07,281.79998779296875,0.0,0.002309999894350767,33.900001525878906,0.4599999785423279,3.5,175.40000915527344,4.599999904632568
44.68563610588754,-98.67333004293974,1982.0,8.0,8.0,1982-08-08,1,,408.0,7.1,44.69166666666667,-98.68333330000002,1982-08-08,299.6000061035156,0.0,0.007059999741613865,83.9000015258789,1.3799999952316284,8.699999809265137,288.3999938964844,5.0
42.7425,-110.8475,1992.0,7.0,19.0,1992-07-19,1,2.0,2441.0,6.2,42.733333333333334,-110.84999996666667,1992-07-19,295.3999938964844,0.6000000238418579,0.006189999636262655,60.900001525878906,1.1299999952316284,6.900000095367432,296.8999938964844,3.4000000953674316
48.5515997063984,-97.13503920727284,2016.0,10.0,24.0,2016-10-24,1,,239.0,7.7,48.56666666666667,-97.14166663333334,2016-10-24,284.29998779296875,0.0,0.004189999774098396,100.0,0.26999998092651367,1.600000023841858,113.70000457763672,2.9000000953674316
45.13165598382389,-90.48911630995892,1979.0,6.0,30.0,1979-06-30,1,,418.0,5.5,45.150000000000006,-90.47499996666667,1979-06-30,298.8999938964844,0.0,0.009739999659359455,46.60000228881836,0.85999995470047,5.0,289.1000061035156,3.6000001430511475
48.6342,-118.3792,1996.0,8.0,5.0,1996-08-05,1,2.0,1392.0,6.1,48.650000000000006,-118.39166663333334,1996-08-05,290.79998779296875,6.0,0.005499999970197678,93.0999984741211,0.6599999666213989,5.0,226.5,4.099999904632568
46.20261521041878,-94.86920874904976,2016.0,5.0,1.0,2016-05-01,1,,405.0,6.0,46.19166666666667,-94.84999996666667,2016-05-01,290.0,0.0,0.003829999826848507,28.899999618530273,0.6699999570846558,5.0,244.3000030517578,3.799999952316284
41.556078071520275,-121.08965280789435,1996.0,12.0,13.0,1996-12-13,1,,1474.0,6.7,41.56666666666667,-121.09999996666667,1996-12-13,271.29998779296875,3.1000001430511475,0.003709999844431877,54.70000076293945,0.1599999964237213,1.2000000476837158,85.5,4.599999904632568
41.279090456670644,-96.13587511299974,1989.0,6.0,22.0,1989-06-22,1,,363.0,,41.275000000000006,-96.14166663333334,1989-06-22,293.79998779296875,19.80000114440918,0.008999999612569809,30.600000381469727,0.5099999904632568,2.6000001430511475,113.70000457763672,3.9000000953674316
40.10038439473158,-114.61965057288928,1997.0,2.0,26.0,1997-02-26,1,,1801.0,8.4,40.10833333333334,-114.59999996666667,1997-02-26,279.0,0.0,0.0031999999191612005,48.60000228881836,0.22999998927116394,1.5,129.90000915527344,4.099999904632568
38.37596434572815,-89.35751597006863,1993.0,5.0,28.0,1993-05-28,1,,145.0,6.0,38.35833333333334,-89.34999996666667,1993-05-28,303.6000061035156,0.0,0.011469999328255653,85.4000015258789,1.059999942779541,5.599999904632568,301.0,3.5
38.0920686923024,-95.44913450872006,1996.0,9.0,10.0,1996-09-10,1,,317.0,6.5,38.10833333333334,-95.43333330000002,1996-09-10,286.20001220703125,0.0,0.008619999513030052,25.899999618530273,1.899999976158142,7.200000286102295,248.8000030517578,2.6000001430511475
44.03941557056562,-95.00552419070688,1994.0,6.0,11.0,1994-06-11,1,,395.0,6.8,44.025000000000006,-95.01666663333334,1994-06-11,285.3999938964844,1.2000000476837158,0.007429999765008688,76.30000305175781,1.0099999904632568,5.700000286102295,289.70001220703125,5.800000190734863
48.62063,-113.81327,2016.0,8.0,18.0,2016-08-18,1,2.0,1519.0,6.1,48.608333333333334,-113.80833330000002,2016-08-18,286.6000061035156,6.200000286102295,0.0072999997064471245,100.0,0.44999998807907104,2.5,234.40000915527344,5.0
46.24459750343768,-120.21599173721798,2017.0,7.0,21.0,2017-07-21,1,,236.0,7.6,46.233333333333334,-120.22499996666667,2017-07-21,303.29998779296875,0.0,0.006689999718219042,83.5,1.71999990940094,6.300000190734863,328.8000183105469,2.799999952316284
46.23071,-115.41661,2009.0,6.0,3.0,2009-06-03,1,2.0,540.0,6.3,46.233333333333334,-115.43333330000002,2009-06-03,300.0,0.0,0.007799999788403511,40.70000076293945,1.2200000286102295,6.700000286102295,318.70001220703125,2.299999952316284
48.152766943079946,-88.61766439152267,2018.0,7.0,2.0,2018-07-02,1,,204.0,5.5,48.150000000000006,-88.59999996666667,2018-07-02,296.29998779296875,1.100000023841858,0.007369999773800373,90.20000457763672,0.8799999952316284,7.400000095367432,340.8000183105469,5.5
43.07567,-110.97697,2020.0,8.0,13.0,2020-08-13,1,2.0,2072.0,6.4,43.06666666666667,-110.97499996666667,2020-08-13,299.1000061035156,0.0,0.00494999997317791,50.400001525878906,1.559999942779541,10.300000190734863,276.20001220703125,6.400000095367432
43.174565414388454,-114.064925413643,2011.0,3.0,4.0,2011-03-04,1,,1395.0,6.7,43.19166666666667,-114.05833330000002,2011-03-04,267.1000061035156,0.0,0.0033099998254328966,100.0,0.1599999964237213,1.7000000476837158,179.60000610351562,4.099999904632568
41.49556821491518,-101.26628477262253,2015.0,10.0,7.0,2015-10-07,1,,1023.0,7.2,41.48333333333334,-101.26666663333334,2015-10-07,297.20001220703125,0.0,0.008489999920129776,37.400001525878906,0.7899999618530273,4.300000190734863,181.8000030517578,3.299999952316284
42.97476445323897,-88.26370017875259,2016.0,1.0,9.0,2016-01-09,1,,240.0,6.5,42.983333333333334,-88.26666663333334,2016-01-09,274.29998779296875,5.300000190734863,0.0029499998781830072,75.20000457763672,0.26999998092651367,0.10000000149011612,41.70000076293945,6.0
47.356616945659894,-110.56189070003921,1990.0,8.0,25.0,1990-08-25,1,,1370.0,6.5,47.358333333333334,-110.55833330000002,1990-08-25,295.29998779296875,3.4000000953674316,0.008999999612569809,100.0,0.5199999809265137,3.799999952316284,218.8000030517578,2.299999952316284
46.204819823152846,-93.15152895938309,1985.0,2.0,18.0,1985-02-18,1,,387.0,5.4,46.19166666666667,-93.14166663333334,1985-02-18,268.3999938964844,0.0,0.0010499999625608325,82.20000457763672,0.12999999523162842,0.800000011920929,109.5999984741211,4.400000095367432
46.36325,-122.07589,2020.0,7.0,18.0,2020-07-18,1,2.0,1443.0,5.2,46.358333333333334,-122.05833330000002,2020-07-18,295.6000061035156,0.0,0.00675999978557229,78.70000457763672,0.8799999952316284,6.200000286102295,325.20001220703125,2.9000000953674316
43.86287,-110.7536,2019.0,8.0,17.0,2019-08-17,1,2.0,2066.0,,43.858333333333334,-110.76666663333334,2019-08-17,275.5,0.0,0.0035699999425560236,21.600000381469727,0.9599999785423279,7.599999904632568,272.8999938964844,6.400000095367432
42.49635471683755,-92.39575555482241,1991.0,2.0,18.0,1991-02-18,1,,270.0,,42.483333333333334,-92.39166663333334,1991-02-18,277.1000061035156,3.0,0.0035199997946619987,100.0,0.09999999403953552,1.0,68.0999984741211,3.700000047683716
46.08503950523034,-100.40949734716045,2017.0,12.0,25.0,2017-12-25,1,,584.0,7.1,46.06666666666667,-100.39166663333334,2017-12-25,245.5,0.0,0.00045999998110346496,100.0,0.029999999329447746,0.20000000298023224,61.29999923706055,6.300000190734863
45.548308355151825,-93.6926244352133,2008.0,11.0,4.0,2008-11-04,1,,301.0,6.0,45.56666666666667,-93.68333330000002,2008-11-04,280.8999938964844,0.0,0.007059999741613865,42.70000076293945,0.6499999761581421,4.0,102.30000305175781,5.599999904632568
47.339226253136346,-100.13363688247739,2018.0,3.0,9.0,2018-03-09,1,,610.0,7.1,47.358333333333334,-100.14166663333334,2018-03-09,258.6000061035156,0.0,0.0019299999112263322,100.0,0.05999999865889549,0.6000000238418579,137.40000915527344,4.200000286102295
44.33333,-122.16667,1985.0,8.0,1.0,1985-08-01,1,2.0,1420.0,5.5,44.31666666666667,-122.18333330000002,1985-08-01,290.79998779296875,2.6000001430511475,0.006929999683052301,100.0,0.4899999797344208,3.299999952316284,233.10000610351562,2.9000000953674316
45.29034357852969,-119.23334790402453,2002.0,10.0,17.0,2002-10-17,1,,1076.0,6.7,45.275000000000006,-119.22499996666667,2002-10-17,292.6000061035156,0.0,0.0036899999249726534,25.399999618530273,0.9599999785423279,2.4000000953674316,155.40000915527344,2.299999952316284
42.0066797225866,-103.55527168577729,1988.0,9.0,3.0,1988-09-03,1,,1350.0,7.6,42.025000000000006,-103.55833330000002,1988-09-03,296.5,0.0,0.004639999940991402,13.5,1.2899999618530273,7.700000286102295,246.3000030517578,4.5
45.53896715896319,-89.35385761772027,2013.0,6.0,2.0,2013-06-02,1,,496.0,5.1,45.525000000000006,-89.34999996666667,2013-06-02,287.3999938964844,0.0,0.005949999671429396,97.70000457763672,0.3100000023841858,3.200000047683716,298.70001220703125,6.5
45.29912,-121.79851,2018.0,8.0,30.0,2018-08-30,1,2.0,1297.0,5.3,45.31666666666667,-121.80833330000002,2018-08-30,289.8999938964844,0.0,0.006559999659657478,73.0999984741211,0.550000011920929,4.800000190734863,236.0,5.599999904632568
38.230076111803875,-106.96427178530989,2020.0,2.0,3.0,2020-02-03,1,,3032.0,6.6,38.23333333333334,-106.97499996666667,2020-02-03,273.20001220703125,1.5,0.0017900000093504786,34.60000228881836,0.19999998807907104,2.0,135.3000030517578,6.099999904632568
40.61301675780959,-102.61385927992436,2011.0,2.0,4.0,2011-02-04,1,,1224.0,7.1,40.60833333333334,-102.59999996666667,2011-02-04,261.70001220703125,0.0,0.002429999876767397,100.0,0.17000000178813934,1.399999976158142,69.5999984741211,3.700000047683716
43.61519199401409,-90.27915319295585,2002.0,1.0,23.0,2002-01-23,1,,303.0,6.0,43.608333333333334,-90.26666663333334,2002-01-23,266.1000061035156,0.0,0.002739999908953905,56.0,0.10999999940395355,0.9000000357627869,95.80000305175781,4.5
45.1733,-117.6121,2004.0,6.0,26.0,2004-06-26,1,2.0,1673.0,6.2,45.19166666666667,-117.59999996666667,2004-06-26,296.1000061035156,0.4000000059604645,0.006430000066757202,59.400001525878906,1.149999976158142,8.100000381469727,351.0,4.300000190734863
43.84736527530903,-113.9430815581926,1986.0,2.0,21.0,1986-02-21,1,,2387.0,6.9,43.858333333333334,-113.93333330000002,1986-02-21,273.6000061035156,2.4000000953674316,0.0016499999910593033,33.79999923706055,0.23999999463558197,2.6000001430511475,111.9000015258789,8.90000057220459
46.3895080446495,-116.12320096223843,1988.0,12.0,10.0,1988-12-10,1,,919.0,6.1,46.400000000000006,-116.14166663333334,1988-12-10,278.79998779296875,0.0,0.0037899999879300594,67.80000305175781,0.14999999105930328,0.4000000059604645,64.0,1.399999976158142
45.72831563645407,-100.96125227170033,1999.0,8.0,4.0,1999-08-04,1,,624.0,7.1,45.733333333333334,-100.97499996666667,1999-08-04,301.70001220703125,0.0,0.008510000072419643,32.0,1.3899999856948853,5.900000095367432,288.8000183105469,1.7000000476837158
48.7051,-116.8415,1993.0,7.0,22.0,1993-07-22,1,2.0,782.0,6.2,48.69166666666667,-116.84999996666667,1993-07-22,293.8999938964844,2.799999952316284,0.008369999937713146,100.0,0.4599999785423279,3.700000047683716,268.3000183105469,3.200000047683716
47.369765997017765,-108.33429314153533,2002.0,6.0,8.0,2002-06-08,1,,892.0,7.6,47.358333333333334,-108.34999996666667,2002-06-08,280.0,6.200000286102295,0.007549999747425318,100.0,0.429999977350235,4.400000095367432,181.0,7.300000190734863
44.238,-121.9193,1983.0,9.0,5.0,1983-09-05,1,3.0,1717.0,5.6,44.233333333333334,-121.93333330000002,1983-09-05,276.0,1.600000023841858,0.004900000058114529,95.0999984741211,0.7899999618530273,4.0,264.20001220703125,3.6000001430511475
45.092735986687124,-87.85200252453959,1999.0,5.0,3.0,1999-05-03,1,,223.0,6.0,45.108333333333334,-87.84999996666667,1999-05-03,295.29998779296875,0.0,0.004489999730139971,26.80000114440918,1.1299999952316284,7.800000190734863,299.3000183105469,4.800000190734863
38.81351996264101,-90.03649897732998,2017.0,7.0,9.0,2017-07-09,1,,130.0,7.0,38.81666666666667,-90.01666663333334,2017-07-09,306.6000061035156,0.0,0.013629999943077564,75.0999984741211,1.7799999713897705,7.300000190734863,327.0,4.0
43.2269950757242,-102.1212460137437,2005.0,7.0,28.0,2005-07-28,1,,1046.0,7.3,43.233333333333334,-102.14166663333334,2005-07-28,286.79998779296875,0.30000001192092896,0.009019999764859676,27.100000381469727,1.8199999332427979,8.5,301.70001220703125,3.1000001430511475
42.368137968116216,-109.79935084630206,2011.0,3.0,28.0,2011-03-28,1,,2146.0,7.9,42.358333333333334,-109.80833330000002,2011-03-28,259.29998779296875,0.0,0.002489999867975712,100.0,0.09999999403953552,1.399999976158142,202.40000915527344,4.300000190734863
47.18972294559417,-120.5682342251713,2006.0,7.0,10.0,2006-07-10,1,,1493.0,5.9,47.19166666666667,-120.55833330000002,2006-07-10,284.3999938964844,0.0,0.006989999674260616,32.60000228881836,0.8899999856948853,5.599999904632568,351.5,4.300000190734863
43.99905015870482,-103.6511415542804,2014.0,8.0,11.0,2014-08-11,1,,1770.0,6.2,43.983333333333334,-103.64166663333334,2014-08-11,296.29998779296875,0.0,0.007359999697655439,29.200000762939453,1.0,5.5,277.0,2.200000047683716
45.424,-121.974,2004.0,7.0,15.0,2004-07-15,1,2.0,886.0,5.2,45.44166666666667,-121.97499996666667,2004-07-15,296.29998779296875,0.0,0.009279999881982803,82.30000305175781,0.75,6.200000286102295,325.5,3.799999952316284
40.3965285870774,-97.23115260497978,1990.0,3.0,25.0,1990-03-25,1,,466.0,6.2,40.400000000000006,-97.22499996666667,1990-03-25,279.20001220703125,0.0,0.0023799999617040157,45.5,0.28999999165534973,2.6000001430511475,208.3000030517578,3.4000000953674316
41.81246,-123.70124,2020.0,8.0,7.0,2020-08-07,1,2.0,1376.0,5.6,41.81666666666667,-123.68333330000002,2020-08-07,296.0,0.0,0.006749999709427357,82.0,0.9699999690055847,6.800000190734863,333.3000183105469,3.700000047683716
44.994205946679934,-108.03151758476248,2003.0,5.0,16.0,2003-05-16,1,,1640.0,7.1,44.983333333333334,-108.01666663333334,2003-05-16,280.70001220703125,0.0,0.004369999747723341,23.700000762939453,1.0299999713897705,5.0,317.8000183105469,2.9000000953674316
44.48250125408628,-103.62362742322506,2009.0,7.0,26.0,2009-07-26,1,,1066.0,6.6,44.483333333333334,-103.64166663333334,2009-07-26,304.1000061035156,0.0,0.00786999985575676,24.0,1.9399999380111694,6.5,297.3999938964844,1.399999976158142
40.99672959014351,-104.04714424595036,1999.0,9.0,6.0,1999-09-06,1,,1639.0,7.5,40.98333333333334,-104.05833330000002,1999-09-06,301.20001220703125,0.0,0.006559999659657478,99.9000015258789,1.559999942779541,7.0,244.0,3.1000001430511475
47.27820392718881,-116.636980989361,1998.0,2.0,12.0,1998-02-12,1,,1215.0,6.2,47.275000000000006,-116.64166663333334,1998-02-12,277.1000061035156,3.9000000953674316,0.004230000078678131,100.0,0.029999999329447746,0.4000000059604645,42.900001525878906,5.099999904632568
45.4338,-121.9991,2003.0,7.0,31.0,2003-07-31,1,2.0,1005.0,5.2,45.44166666666667,-122.01666663333334,2003-07-31,286.5,0.0,0.00723999971523881,29.899999618530273,1.2899999618530273,5.700000286102295,312.20001220703125,3.299999952316284
42.175684925795096,-105.80161065826503,2013.0,11.0,10.0,2013-11-10,1,,2171.0,7.5,42.19166666666667,-105.80833330000002,2013-11-10,282.3999938964844,0.0,0.0030999998562037945,86.80000305175781,0.3999999761581421,2.5,117.0,3.799999952316284
40.488177199432954,-88.23494039749835,2017.0,6.0,12.0,2017-06-12,1,,226.0,6.5,40.48333333333334,-88.22499996666667,2017-06-12,306.70001220703125,0.0,0.015169999562203884,83.5,1.5499999523162842,7.200000286102295,309.20001220703125,5.200000286102295
44.12181668883711,-112.90877896642084,2008.0,4.0,30.0,2008-04-30,1,,1851.0,8.0,44.108333333333334,-112.89166663333334,2008-04-30,268.8999938964844,1.899999976158142,0.0024599998723715544,18.0,0.5,3.200000047683716,243.60000610351562,4.099999904632568
47.32393775091601,-103.95834570357295,2005.0,4.0,4.0,2005-04-04,1,,706.0,7.4,47.31666666666667,-103.97499996666667,2005-04-04,294.3999938964844,0.0,0.004379999823868275,26.899999618530273,1.0499999523162842,5.0,219.0,2.5
39.37888379600658,-96.06320561286526,1999.0,1.0,30.0,1999-01-30,1,,349.0,6.4,39.35833333333334,-96.05833330000002,1999-01-30,271.6000061035156,20.700000762939453,0.0032099999953061342,100.0,0.14000000059604645,1.5,67.4000015258789,7.300000190734863
48.65852884225133,-94.12643215725926,2009.0,2.0,1.0,2009-02-01,1,,336.0,6.1,48.650000000000006,-94.14166663333334,2009-02-01,261.1000061035156,0.6000000238418579,0.0014899999368935823,40.60000228881836,0.09999999403953552,0.6000000238418579,80.20000457763672,6.800000190734863
48.46171363335201,-108.13285105930012,2011.0,10.0,8.0,2011-10-08,1,,828.0,7.4,48.44166666666667,-108.14166663333334,2011-10-08,277.20001220703125,0.0,0.005799999926239252,100.0,0.3799999952316284,3.0,146.90000915527344,5.599999904632568
41.7967496140712,-88.55170763525621,2019.0,3.0,25.0,2019-03-25,1,,227.0,5.9,41.81666666666667,-88.55833330000002,2019-03-25,281.0,0.0,0.0027799999807029963,94.0999984741211,0.3100000023841858,2.200000047683716,236.6999969482422,5.099999904632568
46.70266752904749,-104.08818730269677,1986.0,11.0,27.0,1986-11-27,1,,937.0,7.4,46.69166666666667,-104.09999996666667,1986-11-27,268.6000061035156,0.0,0.002940000034868717,39.70000076293945,0.25,0.9000000357627869,55.20000076293945,3.1000001430511475
45.31091438714137,-94.28762807787803,1998.0,2.0,26.0,1998-02-26,1,,360.0,6.2,45.31666666666667,-94.30833330000002,1998-02-26,285.20001220703125,2.9000000953674316,0.005349999759346247,100.0,0.25999999046325684,1.600000023841858,137.8000030517578,4.900000095367432
47.27499,-115.35876,2017.0,7.0,23.0,2017-07-23,1,2.0,1547.0,6.1,47.275000000000006,-115.34999996666667,2017-07-23,301.5,0.0,0.0065899998880922794,52.10000228881836,1.7799999713897705,6.800000190734863,313.8999938964844,3.799999952316284
41.52456031470909,-115.2105834738731,1986.0,2.0,27.0,1986-02-27,1,,1818.0,7.8,41.525000000000006,-115.22499996666667,1986-02-27,284.1000061035156,0.0,0.0035199997946619987,36.900001525878906,0.4099999964237213,2.799999952316284,186.8000030517578,3.0
47.97348,-123.51593,2019.0,6.0,7.0,2019-06-07,1,2.0,1520.0,5.1,47.983333333333334,-123.51666663333334,2019-06-07,273.5,4.599999904632568,0.0047599999234080315,79.5999984741211,0.08999999612569809,2.1000001430511475,235.3000030517578,4.099999904632568
39.394388002626826,-101.91594567079922,1985.0,7.0,28.0,1985-07-28,1,,1154.0,7.2,39.400000000000006,-101.93333330000002,1985-07-28,302.20001220703125,6.5,0.014049999415874481,100.0,0.9199999570846558,5.200000286102295,283.70001220703125,3.200000047683716
48.634520758881315,-111.33507169812133,2006.0,5.0,1.0,2006-05-01,1,,1032.0,7.6,48.650000000000006,-111.34999996666667,2006-05-01,288.20001220703125,0.0,0.0037299999967217445,100.0,0.6299999952316284,3.9000000953674316,246.8000030517578,5.599999904632568
47.42632,-116.02516,2005.0,6.0,22.0,2005-06-22,1,2.0,1581.0,5.7,47.44166666666667,-116.01666663333334,2005-06-22,283.6000061035156,2.1000001430511475,0.006839999929070473,36.29999923706055,0.7599999904632568,7.099999904632568,301.1000061035156,7.300000190734863
39.98367060977667,-122.56665662507068,2012.0,2.0,5.0,2012-02-05,1,,298.0,6.2,39.98333333333334,-122.55833330000002,2012-02-05,290.20001220703125,0.0,0.003659999929368496,25.80000114440918,0.7699999809265137,1.5,139.40000915527344,1.2000000476837158
43.67667851656968,-118.94045110077307,1994.0,5.0,31.0,1994-05-31,1,,1402.0,7.2,43.69166666666667,-118.93333330000002,1994-05-31,279.70001220703125,5.0,0.005889999680221081,75.5,0.949999988079071,4.300000190734863,192.10000610351562,3.700000047683716
48.14244427020053,-90.24096326820074,2001.0,7.0,18.0,2001-07-18,1,,502.0,,48.150000000000006,-90.22499996666667,2001-07-18,299.79998779296875,0.699999988079071,0.011649999767541885,58.29999923706055,0.6800000071525574,4.700000286102295,286.3999938964844,3.700000047683716
45.87214852163362,-88.78050451679871,2020.0,8.0,29.0,2020-08-29,1,,484.0,5.1,45.858333333333334,-88.76666663333334,2020-08-29,290.70001220703125,0.0,0.008499999530613422,100.0,0.14999999105930328,2.6000001430511475,239.10000610351562,6.200000286102295
38.158231816424326,-95.8589221480547,1995.0,12.0,14.0,1995-12-14,1,,341.0,6.4,38.150000000000006,-95.84999996666667,1995-12-14,288.3999938964844,0.0,0.004110000096261501,83.4000015258789,0.6299999952316284,1.8000000715255737,93.70000457763672,2.9000000953674316
46.14035928012429,-99.7117195097897,1993.0,12.0,14.0,1993-12-14,1,,629.0,7.1,46.150000000000006,-99.72499996666667,1993-12-14,266.5,0.0,0.0014199999859556556,99.0999984741211,0.07000000029802322,0.20000000298023224,74.4000015258789,2.700000047683716
42.0941,-122.7235,1993.0,9.0,18.0,1993-09-18,1,3.0,1904.0,5.6,42.108333333333334,-122.72499996666667,1993-09-18,290.0,0.0,0.005539999809116125,70.80000305175781,0.6699999570846558,3.200000047683716,234.3000030517578,2.6000001430511475
39.48176131760402,-88.35554608582169,2012.0,1.0,16.0,2012-01-16,1,,219.0,,39.48333333333334,-88.34999996666667,2012-01-16,282.8999938964844,0.0,0.0034099998883903027,41.70000076293945,0.32999998331069946,1.8000000715255737,96.4000015258789,7.900000095367432
39.2481733234281,-118.75680462577803,2013.0,11.0,15.0,2013-11-15,1,,1244.0,8.4,39.23333333333334,-118.76666663333334,2013-11-15,284.8999938964844,0.0,0.003869999898597598,96.0999984741211,0.41999998688697815,2.0,89.30000305175781,2.200000047683716
44.4763,-110.0671,1989.0,6.0,29.0,1989-06-29,1,2.0,2555.0,6.0,44.483333333333334,-110.05833330000002,1989-06-29,294.79998779296875,0.0,0.004139999859035015,19.600000381469727,1.209999918937683,6.300000190734863,335.3999938964844,4.900000095367432
43.96605185807973,-114.96294869794482,1989.0,3.0,27.0,1989-03-27,1,,2561.0,6.2,43.983333333333334,-114.97499996666667,1989-03-27,266.20001220703125,2.0,0.002360000042244792,40.79999923706055,0.22999998927116394,1.7000000476837158,136.90000915527344,5.900000095367432
46.3496267582121,-122.81542558973523,1981.0,4.0,3.0,1981-04-03,1,,81.0,5.4,46.358333333333334,-122.80833330000002,1981-04-03,276.20001220703125,3.6000001430511475,0.004479999653995037,53.0,0.4399999976158142,4.0,170.40000915527344,6.599999904632568
45.35759891044631,-90.47740084559993,1998.0,8.0,9.0,1998-08-09,1,,421.0,5.1,45.358333333333334,-90.47499996666667,1998-08-09,303.0,0.0,0.014339999295771122,100.0,0.699999988079071,4.5,254.0,4.200000286102295
39.12147578736837,-119.00508062689958,1982.0,1.0,22.0,1982-01-22,1,,1316.0,8.2,39.10833333333334,-119.01666663333334,1982-01-22,258.70001220703125,0.0,0.0021199998445808887,42.0,0.14999999105930328,1.2000000476837158,91.30000305175781,3.5
40.68972193017176,-98.24725224836118,2014.0,5.0,7.0,2014-05-07,1,,572.0,6.4,40.69166666666667,-98.26666663333334,2014-05-07,303.3999938964844,1.899999976158142,0.0081599997356534,23.899999618530273,1.709999918937683,7.0,272.20001220703125,2.299999952316284
38.59915385825214,-93.46621388513987,1982.0,5.0,16.0,1982-05-16,1,,289.0,6.2,38.60833333333334,-93.47499996666667,1982-05-16,301.6000061035156,2.6000001430511475,0.011629999615252018,100.0,0.9599999785423279,6.300000190734863,247.3000030517578,3.9000000953674316
38.44148413606347,-118.8885813863513,2000.0,11.0,5.0,2000-11-05,1,,1996.0,7.8,38.44166666666667,-118.89166663333334,2000-11-05,286.1000061035156,0.0,0.0028699999675154686,12.600000381469727,0.6499999761581421,4.0,106.5999984741211,4.200000286102295
38.56576139504268,-95.78999544185217,2009.0,12.0,8.0,2009-12-08,1,,342.0,6.5,38.56666666666667,-95.80833330000002,2009-12-08,267.6000061035156,7.599999904632568,0.002959999954327941,44.20000076293945,0.05999999865889549,0.4000000059604645,36.10000228881836,4.400000095367432
41.268706802935775,-101.9389870674191,2011.0,2.0,2.0,2011-02-02,1,,1001.0,7.6,41.275000000000006,-101.93333330000002,2011-02-02,250.3000030517578,0.0,0.0007899999618530273,100.0,0.08999999612569809,0.9000000357627869,127.20000457763672,4.700000286102295
40.80417049242762,-86.15893964978315,2019.0,5.0,2.0,2019-05-02,1,,213.0,6.4,40.81666666666667,-86.14166663333334,2019-05-02,282.20001220703125,3.4000000953674316,0.009589999914169312,65.5999984741211,0.1899999976158142,2.799999952316284,197.10000610351562,3.6000001430511475
47.42632,-116.02516,2005.0,6.0,22.0,2005-06-22,1,2.0,1581.0,5.7,47.44166666666667,-116.01666663333334,2005-06-22,283.6000061035156,2.1000001430511475,0.006839999929070473,36.29999923706055,0.7599999904632568,7.099999904632568,301.1000061035156,7.300000190734863
43.916149037110834,-97.98534371425795,1987.0,9.0,26.0,1987-09-26,1,,377.0,7.2,43.900000000000006,-97.97499996666667,1987-09-26,283.1000061035156,0.0,0.008779999800026417,29.80000114440918,1.559999942779541,5.400000095367432,196.0,4.800000190734863
38.44488751774162,-105.64300758645496,1991.0,3.0,3.0,1991-03-03,1,,2338.0,7.3,38.44166666666667,-105.64166663333334,1991-03-03,284.5,0.0,0.0025599999353289604,80.5999984741211,0.5399999618530273,4.800000190734863,188.3000030517578,6.599999904632568
45.13027494592517,-111.89999891695258,2013.0,4.0,17.0,2013-04-17,1,,2563.0,6.3,45.150000000000006,-111.89166663333334,2013-04-17,267.70001220703125,1.2000000476837158,0.001669999910518527,51.20000076293945,0.09999999403953552,1.399999976158142,174.1999969482422,5.700000286102295
39.17513648846812,-94.20536060543165,2018.0,8.0,18.0,2018-08-18,1,,240.0,6.2,39.19166666666667,-94.22499996666667,2018-08-18,304.6000061035156,0.0,0.013279999606311321,86.0,1.350000023841858,6.599999904632568,278.6000061035156,2.5
42.89854,-122.15981,2019.0,7.0,12.0,2019-07-12,1,2.0,2006.0,5.6,42.900000000000006,-122.14166663333334,2019-07-12,279.79998779296875,0.0,0.009739999659359455,54.20000076293945,0.3999999761581421,5.0,346.3000183105469,2.299999952316284
43.849,-110.946,1991.0,8.0,7.0,1991-08-07,1,2.0,2275.0,5.9,43.858333333333334,-110.93333330000002,1991-08-07,278.70001220703125,0.0,0.006029999814927578,69.80000305175781,1.149999976158142,7.099999904632568,286.3000183105469,3.700000047683716
38.646395901263396,-117.35845337716466,2007.0,4.0,11.0,2007-04-11,1,,2246.0,7.7,38.650000000000006,-117.34999996666667,2007-04-11,281.5,4.099999904632568,0.0027799999807029963,74.0,0.44999998807907104,4.200000286102295,196.5,5.800000190734863
42.96375869467116,-104.4982774077059,2000.0,5.0,13.0,2000-05-13,1,,1469.0,7.3,42.983333333333334,-104.51666663333334,2000-05-13,270.1000061035156,0.4000000059604645,0.003229999914765358,23.899999618530273,0.6399999856948853,3.799999952316284,279.1000061035156,3.200000047683716
43.289788936656265,-91.08719338561235,1994.0,4.0,22.0,1994-04-22,1,,186.0,,43.275000000000006,-91.09999996666667,1994-04-22,290.20001220703125,0.0,0.0029299999587237835,49.900001525878906,0.8799999952316284,4.800000190734863,276.1000061035156,2.0
45.258857802531075,-101.32873155060277,2008.0,9.0,6.0,2008-09-06,1,,659.0,7.3,45.275000000000006,-101.30833330000002,2008-09-06,279.1000061035156,1.0,0.005690000019967556,31.399999618530273,0.8100000023841858,4.700000286102295,216.1999969482422,3.1000001430511475
39.09691010761048,-88.50943884045444,1992.0,10.0,14.0,1992-10-14,1,,176.0,5.7,39.10833333333334,-88.51666663333334,1992-10-14,286.3999938964844,0.5,0.008200000040233135,31.0,1.4399999380111694,9.0,181.5,7.300000190734863
45.58735627748433,-108.47822277925385,2014.0,3.0,19.0,2014-03-19,1,,1202.0,7.0,45.56666666666667,-108.47499996666667,2014-03-19,282.8999938964844,0.0,0.002309999894350767,25.0,0.5,4.200000286102295,193.10000610351562,5.5
48.14042139917221,-95.63677745236812,1990.0,8.0,30.0,1990-08-30,1,,357.0,7.2,48.150000000000006,-95.64166663333334,1990-08-30,303.1000061035156,1.0,0.009149999357759953,91.20000457763672,1.4399999380111694,6.700000286102295,234.0,3.200000047683716
43.33174785536687,-90.90940107112844,1995.0,6.0,3.0,1995-06-03,1,,335.0,6.0,43.31666666666667,-90.89166663333334,1995-06-03,299.1000061035156,0.0,0.010319999419152737,50.20000076293945,0.8100000023841858,4.599999904632568,288.0,1.8000000715255737
39.64360228588028,-106.34326766450619,1989.0,8.0,5.0,1989-08-05,1,,2518.0,6.4,39.650000000000006,-106.34999996666667,1989-08-05,294.8999938964844,0.699999988079071,0.0058399997651577,24.600000381469727,1.0799999237060547,4.400000095367432,246.0,2.4000000953674316
40.8727263110662,-86.90028554002981,2019.0,3.0,29.0,2019-03-29,1,,219.0,6.1,40.85833333333334,-86.89166663333334,2019-03-29,285.8999938964844,25.0,0.006949999835342169,100.0,0.07000000029802322,1.2000000476837158,100.30000305175781,1.899999976158142
47.26574531731396,-123.71998639026009,2016.0,12.0,5.0,2016-12-05,1,,232.0,5.0,47.275000000000006,-123.72499996666667,2016-12-05,274.3999938964844,3.700000047683716,0.0037299999967217445,100.0,0.10999999940395355,0.30000001192092896,30.30000114440918,3.1000001430511475
45.94167,-118.00111,2001.0,7.0,30.0,2001-07-30,1,2.0,1520.0,6.1,45.94166666666667,-118.01666663333334,2001-07-30,287.5,2.6000001430511475,0.006769999861717224,39.79999923706055,0.3100000023841858,2.1000001430511475,135.6999969482422,2.1000001430511475
42.38465970689724,-111.23748986546167,1990.0,7.0,15.0,1990-07-15,1,,2617.0,6.4,42.400000000000006,-111.22499996666667,1990-07-15,296.6000061035156,0.0,0.006639999803155661,66.5,1.1999999284744263,7.300000190734863,333.3000183105469,3.200000047683716
42.45420053456118,-99.09248460760004,1990.0,8.0,4.0,1990-08-04,1,,672.0,6.7,42.44166666666667,-99.09999996666667,1990-08-04,299.29998779296875,0.0,0.007659999653697014,74.5,1.4299999475479126,8.90000057220459,286.0,5.200000286102295
44.6688017439679,-113.41536651651921,1989.0,6.0,12.0,1989-06-12,1,,1869.0,7.8,44.650000000000006,-113.43333330000002,1989-06-12,296.8999938964844,0.0,0.006379999686032534,28.80000114440918,1.0699999332427979,5.400000095367432,316.70001220703125,2.9000000953674316
40.67962491906859,-101.8516269964279,1998.0,1.0,9.0,1998-01-09,1,,1051.0,7.1,40.69166666666667,-101.84999996666667,1998-01-09,272.70001220703125,0.0,0.0013699999544769526,87.30000305175781,0.20999999344348907,0.9000000357627869,91.30000305175781,3.1000001430511475
47.578095360839484,-108.77000958102457,2007.0,5.0,31.0,2007-05-31,1,,890.0,7.0,47.56666666666667,-108.76666663333334,2007-05-31,288.5,3.9000000953674316,0.007359999697655439,51.79999923706055,0.25999999046325684,2.6000001430511475,120.0,4.5
45.68028,-118.10306,2001.0,7.0,18.0,2001-07-18,1,2.0,1555.0,6.1,45.69166666666667,-118.09999996666667,2001-07-18,290.20001220703125,0.0,0.005869999993592501,38.79999923706055,0.5899999737739563,3.9000000953674316,277.70001220703125,3.1000001430511475
43.9180656830331,-88.41060123070366,2009.0,8.0,9.0,2009-08-09,1,,226.0,,43.900000000000006,-88.39166663333334,2009-08-09,302.5,1.2000000476837158,0.018139999359846115,74.4000015258789,0.5,4.200000286102295,169.3000030517578,5.099999904632568
40.10955820535322,-105.20939371587549,2020.0,8.0,16.0,2020-08-16,1,,1585.0,7.0,40.10833333333334,-105.22499996666667,2020-08-16,308.1000061035156,0.0,0.007569999899715185,63.29999923706055,2.5999999046325684,8.199999809265137,275.6000061035156,2.299999952316284
43.24836110940483,-122.131555252632,2008.0,5.0,16.0,2008-05-16,1,,1533.0,5.9,43.233333333333334,-122.14166663333334,2008-05-16,283.0,0.0,0.007379999849945307,31.899999618530273,1.5299999713897705,8.699999809265137,343.8000183105469,3.700000047683716
46.14539680343713,-99.4132919379819,2005.0,1.0,3.0,2005-01-03,1,,625.0,7.3,46.150000000000006,-99.43333330000002,2005-01-03,261.3999938964844,0.0,0.0007599999662488699,55.400001525878906,0.05999999865889549,0.30000001192092896,57.400001525878906,1.7000000476837158
47.94983491835012,-107.86705342426436,1996.0,2.0,18.0,1996-02-18,1,,744.0,7.6,47.94166666666667,-107.84999996666667,1996-02-18,281.70001220703125,0.0,0.003019999945536256,96.30000305175781,0.3199999928474426,1.5,97.9000015258789,4.400000095367432
41.2506647537462,-100.2428434836328,2003.0,5.0,3.0,2003-05-03,1,,927.0,6.7,41.23333333333334,-100.22499996666667,2003-05-03,279.3999938964844,0.0,0.008169999346137047,41.900001525878906,0.4399999976158142,3.700000047683716,242.5,9.100000381469727
43.53241073452923,-105.79729293287633,1992.0,5.0,21.0,1992-05-21,1,,1574.0,7.4,43.525000000000006,-105.80833330000002,1992-05-21,292.79998779296875,7.200000286102295,0.007890000008046627,100.0,0.41999998688697815,4.300000190734863,212.0,5.900000095367432
44.49325802902686,-104.66622941015063,1998.0,11.0,22.0,1998-11-22,1,,1302.0,7.2,44.483333333333334,-104.68333330000002,1998-11-22,273.79998779296875,0.30000001192092896,0.003539999946951866,37.0,0.6399999856948853,3.0,83.5,8.0
40.284067253526736,-98.89430355136689,1987.0,12.0,11.0,1987-12-11,1,,649.0,6.8,40.275000000000006,-98.89166663333334,1987-12-11,273.29998779296875,0.0,0.003120000008493662,25.100000381469727,0.5299999713897705,2.1000001430511475,82.9000015258789,5.0
48.22814927202303,-95.84470711817029,2013.0,12.0,15.0,2013-12-15,1,,350.0,7.4,48.233333333333334,-95.84999996666667,2013-12-15,256.6000061035156,0.0,0.0005599999567493796,99.5999984741211,0.03999999910593033,0.20000000298023224,65.4000015258789,3.200000047683716
41.41059468398029,-100.34117649818441,2008.0,2.0,3.0,2008-02-03,1,,914.0,6.8,41.400000000000006,-100.34999996666667,2008-02-03,265.5,0.0,0.0028899998869746923,55.0,0.14000000059604645,0.9000000357627869,116.0999984741211,4.200000286102295
43.24184871345497,-97.40593558756922,1981.0,8.0,4.0,1981-08-04,1,,479.0,6.9,43.233333333333334,-97.39166663333334,1981-08-04,293.1000061035156,1.899999976158142,0.016009999439120293,49.29999923706055,0.9899999499320984,5.200000286102295,269.8000183105469,3.200000047683716
40.70557178929326,-117.85336461704445,2011.0,10.0,19.0,2011-10-19,1,,1796.0,7.5,40.69166666666667,-117.84999996666667,2011-10-19,278.3999938964844,0.0,0.004189999774098396,64.5999984741211,1.0799999237060547,5.200000286102295,164.3000030517578,3.6000001430511475
39.47121682229123,-89.62705089034097,1998.0,1.0,31.0,1998-01-31,1,,197.0,5.8,39.48333333333334,-89.64166663333334,1998-01-31,281.8999938964844,0.0,0.003289999905973673,90.70000457763672,0.28999999165534973,1.3000000715255737,127.30000305175781,3.6000001430511475
42.53770636394069,-118.28454893946628,1980.0,1.0,11.0,1980-01-11,1,,1379.0,8.2,42.525000000000006,-118.26666663333334,1980-01-11,262.6000061035156,1.899999976158142,0.0025100000202655792,42.10000228881836,0.2199999988079071,1.899999976158142,59.900001525878906,5.400000095367432
46.08229,-115.42532,1988.0,7.0,23.0,1988-07-23,1,2.0,495.0,6.1,46.06666666666667,-115.43333330000002,1988-07-23,283.29998779296875,0.0,0.006659999955445528,23.700000762939453,1.6699999570846558,6.200000286102295,319.70001220703125,2.9000000953674316
41.58945705328699,-108.9896040136389,1994.0,9.0,21.0,1994-09-21,1,,2002.0,8.1,41.60833333333334,-108.97499996666667,1994-09-21,292.0,0.0,0.00443999981507659,19.600000381469727,0.8399999737739563,3.799999952316284,192.5,4.700000286102295
42.5679,-122.19233,2020.0,8.0,29.0,2020-08-29,1,2.0,1823.0,5.8,42.56666666666667,-122.18333330000002,2020-08-29,297.79998779296875,0.0,0.005539999809116125,54.70000076293945,1.4199999570846558,7.400000095367432,288.5,3.5
48.92398391140605,-115.64044650027368,1988.0,2.0,26.0,1988-02-26,1,,1110.0,6.3,48.94166666666667,-115.64166663333334,1988-02-26,269.6000061035156,0.0,0.0028699999675154686,31.700000762939453,0.550000011920929,2.5,130.60000610351562,2.1000001430511475
46.06222,-117.84444,2002.0,7.0,21.0,2002-07-21,1,2.0,1720.0,5.9,46.06666666666667,-117.84999996666667,2002-07-21,285.6000061035156,0.0,0.005760000087320805,43.70000076293945,1.5399999618530273,6.800000190734863,320.1000061035156,2.0
41.59375964176247,-97.59225729182107,2008.0,9.0,20.0,2008-09-20,1,,483.0,6.3,41.60833333333334,-97.59999996666667,2008-09-20,283.5,0.0,0.009259999729692936,40.0,0.9899999499320984,5.599999904632568,220.90000915527344,3.799999952316284
42.722899579567574,-118.6781665553189,1979.0,6.0,25.0,1979-06-25,1,,2200.0,6.6,42.733333333333334,-118.68333330000002,1979-06-25,298.6000061035156,0.0,0.004919999744743109,14.199999809265137,1.559999942779541,6.200000286102295,334.0,2.9000000953674316
47.33917,-121.49639,2002.0,8.0,10.0,2002-08-10,1,2.0,1360.5,5.1,47.358333333333334,-121.51666663333334,2002-08-10,283.3999938964844,0.0,0.008379999548196793,93.20000457763672,0.5,4.900000095367432,278.8999938964844,5.200000286102295
47.525493168497896,-120.06413594558843,2001.0,3.0,9.0,2001-03-09,1,,1047.0,6.6,47.525000000000006,-120.05833330000002,2001-03-09,280.6000061035156,2.299999952316284,0.004369999747723341,59.900001525878906,0.17000000178813934,1.3000000715255737,160.8000030517578,2.299999952316284
44.9075,-110.6399,2006.0,6.0,19.0,2006-06-19,1,2.0,2218.0,6.1,44.900000000000006,-110.64166663333334,2006-06-19,279.1000061035156,2.0,0.0049600000493228436,23.600000381469727,1.1999999284744263,6.099999904632568,275.3000183105469,5.800000190734863
47.46839,-88.05671,2019.0,8.0,9.0,2019-08-09,1,2.0,192.0,6.0,47.483333333333334,-88.05833330000002,2019-08-09,288.29998779296875,0.0,0.007710000034421682,45.900001525878906,0.9300000071525574,6.900000095367432,274.8999938964844,5.400000095367432
39.658474486291475,-120.61256478015835,2003.0,10.0,16.0,2003-10-16,1,,2154.0,5.7,39.650000000000006,-120.59999996666667,2003-10-16,292.5,0.0,0.0034299998078495264,13.300000190734863,1.100000023841858,5.800000190734863,188.8000030517578,4.0
41.9958727,-123.5228537,1992.0,7.0,22.0,1992-07-22,1,2.0,1481.0,5.4,41.983333333333334,-123.51666663333334,1992-07-22,292.29998779296875,2.9000000953674316,0.007369999773800373,88.9000015258789,0.5899999737739563,5.599999904632568,326.3999938964844,4.200000286102295
47.25735896023093,-120.28069307377304,1981.0,11.0,30.0,1981-11-30,1,,1252.0,6.2,47.275000000000006,-120.26666663333334,1981-11-30,272.29998779296875,1.100000023841858,0.003129999851807952,99.5,0.029999999329447746,0.20000000298023224,56.70000076293945,3.799999952316284
45.57618,-115.30784,2018.0,7.0,21.0,2018-07-21,1,2.0,1582.0,6.0,45.56666666666667,-115.30833330000002,2018-07-21,300.6000061035156,0.0,0.005810000002384186,81.80000305175781,1.4399999380111694,7.300000190734863,321.8999938964844,2.5
46.885589132145,-99.62210373026952,1984.0,6.0,11.0,1984-06-11,1,,538.0,7.3,46.900000000000006,-99.64166663333334,1984-06-11,279.29998779296875,4.099999904632568,0.007309999782592058,54.0,0.17000000178813934,2.1000001430511475,121.20000457763672,4.400000095367432
44.4094,-116.07898,2009.0,6.0,28.0,2009-06-28,1,2.0,1877.0,6.2,44.400000000000006,-116.05833330000002,2009-06-28,298.6000061035156,0.0,0.004549999721348286,26.600000381469727,1.5099999904632568,7.5,340.3999938964844,2.299999952316284
47.4583,-115.6928,1982.0,8.0,8.0,1982-08-08,1,2.0,1514.0,5.8,47.44166666666667,-115.68333330000002,1982-08-08,298.8999938964844,0.0,0.008179999887943268,65.5999984741211,1.2300000190734863,6.099999904632568,222.60000610351562,3.0
42.81051225281912,-112.71918881988837,2009.0,3.0,15.0,2009-03-15,1,,1412.0,7.8,42.81666666666667,-112.72499996666667,2009-03-15,272.70001220703125,0.0,0.0036899999249726534,38.79999923706055,0.3799999952316284,2.299999952316284,147.1999969482422,5.599999904632568
40.13799526822429,-106.70899765306447,1979.0,9.0,20.0,1979-09-20,1,,2547.0,6.1,40.150000000000006,-106.72499996666667,1979-09-20,292.20001220703125,0.0,0.003930000122636557,50.900001525878906,0.9799999594688416,4.0,199.6999969482422,1.7000000476837158
39.91279435448511,-91.49212748947097,2014.0,3.0,16.0,2014-03-16,1,,145.0,6.1,39.900000000000006,-91.47499996666667,2014-03-16,272.6000061035156,0.9000000357627869,0.0025499998591840267,70.5999984741211,0.05999999865889549,0.9000000357627869,124.4000015258789,9.100000381469727
48.8955,-117.6621,1996.0,6.0,25.0,1996-06-25,1,2.0,1239.0,6.0,48.900000000000006,-117.64166663333334,1996-06-25,291.0,0.4000000059604645,0.005510000046342611,92.20000457763672,0.6699999570846558,4.400000095367432,249.0,2.0
47.440335047898174,-91.04311321291526,2010.0,11.0,9.0,2010-11-09,1,,179.0,,47.44166666666667,-91.05833330000002,2010-11-09,284.20001220703125,0.0,0.004819999914616346,77.9000015258789,0.35999998450279236,1.5,86.80000305175781,5.800000190734863
41.16167940540236,-117.2452280786095,1997.0,12.0,25.0,1997-12-25,1,,1588.0,7.7,41.150000000000006,-117.22499996666667,1997-12-25,270.6000061035156,0.0,0.001820000004954636,100.0,0.09999999403953552,0.6000000238418579,99.9000015258789,2.0
45.50056,-118.10667,2001.0,8.0,1.0,2001-08-01,1,2.0,1756.0,6.1,45.483333333333334,-118.09999996666667,2001-08-01,298.1000061035156,0.0,0.005169999785721302,25.600000381469727,1.2599999904632568,5.400000095367432,288.70001220703125,3.4000000953674316
44.49782,-121.80954,2020.0,7.0,24.0,2020-07-24,1,2.0,1644.0,5.6,44.483333333333334,-121.80833330000002,2020-07-24,292.29998779296875,0.0,0.00571999978274107,76.4000015258789,0.7699999809265137,5.400000095367432,331.0,2.200000047683716
43.644,-111.4743,1991.0,7.0,20.0,1991-07-20,1,2.0,2049.0,6.2,43.650000000000006,-111.47499996666667,1991-07-20,283.0,0.0,0.007639999967068434,78.20000457763672,1.3299999237060547,8.40000057220459,325.8000183105469,4.300000190734863
43.87127,-121.89738,2017.0,7.0,4.0,2017-07-04,1,2.0,1520.0,5.9,43.858333333333334,-121.89166663333334,2017-07-04,299.79998779296875,0.0,0.0072999997064471245,76.20000457763672,1.2999999523162842,6.0,327.1000061035156,3.1000001430511475
41.62479743874192,-117.91774930401046,1992.0,12.0,24.0,1992-12-24,1,,1275.0,8.0,41.60833333333334,-117.93333330000002,1992-12-24,263.0,0.0,0.0022299999836832285,50.29999923706055,0.1599999964237213,0.699999988079071,90.80000305175781,1.5
41.75510321238521,-92.26229430387178,2008.0,8.0,24.0,2008-08-24,1,,267.0,6.1,41.775000000000006,-92.26666663333334,2008-08-24,283.29998779296875,0.0,0.008609999902546406,47.20000076293945,0.699999988079071,5.099999904632568,253.0,3.700000047683716
44.47587076678702,-89.31660594943543,2006.0,1.0,28.0,2006-01-28,1,,352.0,5.5,44.483333333333334,-89.30833330000002,2006-01-28,275.6000061035156,10.600000381469727,0.003329999977722764,100.0,0.07000000029802322,0.5,61.5,3.5
46.13667,-117.42583,2001.0,7.0,20.0,2001-07-20,1,2.0,1799.0,5.9,46.150000000000006,-117.43333330000002,2001-07-20,293.5,5.300000190734863,0.00699999975040555,39.70000076293945,0.8199999928474426,4.400000095367432,281.3999938964844,2.4000000953674316
40.0264887,-119.5690672,2007.0,7.0,31.0,2007-07-31,1,2.0,1165.0,,40.025000000000006,-119.55833330000002,2007-07-31,309.79998779296875,0.0,0.0046699997037649155,10.0,3.5399999618530273,9.199999809265137,330.3000183105469,2.0
39.9218091675902,-90.0193183384564,2018.0,4.0,11.0,2018-04-11,1,,195.0,6.3,39.94166666666667,-90.01666663333334,2018-04-11,277.6000061035156,0.0,0.005270000081509352,92.80000305175781,0.9399999976158142,4.900000095367432,222.10000610351562,6.300000190734863
44.44669825595448,-99.50801167953226,1985.0,9.0,4.0,1985-09-04,1,,613.0,7.1,44.44166666666667,-99.51666663333334,1985-09-04,288.5,8.800000190734863,0.011149999685585499,36.0,1.090000033378601,4.900000095367432,212.0,2.299999952316284
41.494169297483424,-91.01393653968408,1993.0,12.0,18.0,1993-12-18,1,,206.0,6.0,41.48333333333334,-91.01666663333334,1993-12-18,277.79998779296875,2.9000000953674316,0.003659999929368496,100.0,0.17000000178813934,0.800000011920929,39.60000228881836,4.099999904632568
43.317961883229245,-123.08718194239374,1980.0,7.0,19.0,1980-07-19,1,,241.0,5.8,43.31666666666667,-123.09999996666667,1980-07-19,302.3999938964844,0.0,0.007929999381303787,76.30000305175781,1.399999976158142,8.90000057220459,329.70001220703125,4.5
43.57020663115146,-109.61207699230324,1980.0,6.0,14.0,1980-06-14,1,,2220.0,7.4,43.56666666666667,-109.59999996666667,1980-06-14,293.20001220703125,0.30000001192092896,0.004359999671578407,60.400001525878906,1.0199999809265137,7.5,308.8000183105469,4.599999904632568
43.588386217976165,-91.73962198231567,1986.0,7.0,16.0,1986-07-16,1,,344.0,6.4,43.608333333333334,-91.72499996666667,1986-07-16,306.0,0.0,0.01745999976992607,58.400001525878906,0.9899999499320984,7.599999904632568,300.0,5.300000190734863
40.672245510596895,-90.14476005175501,2009.0,9.0,5.0,2009-09-05,1,,206.0,6.1,40.69166666666667,-90.14166663333334,2009-09-05,285.3999938964844,4.300000190734863,0.010970000177621841,55.0,0.550000011920929,3.200000047683716,206.1999969482422,2.700000047683716
41.3678377624626,-104.06597516403033,1986.0,1.0,16.0,1986-01-16,1,,1598.0,7.2,41.35833333333334,-104.05833330000002,1986-01-16,282.70001220703125,0.0,0.003000000026077032,32.10000228881836,0.4399999976158142,3.0,96.4000015258789,4.900000095367432
41.805593025607436,-104.11746229748643,2014.0,2.0,2.0,2014-02-02,1,,1291.0,7.8,41.81666666666667,-104.09999996666667,2014-02-02,273.5,0.0,0.001779999933205545,39.79999923706055,0.11999999731779099,0.9000000357627869,124.0999984741211,2.5
44.9989,-115.9534,1999.0,8.0,3.0,1999-08-03,1,2.0,2016.0,6.2,44.983333333333334,-115.93333330000002,1999-08-03,296.5,2.9000000953674316,0.006939999759197235,25.600000381469727,1.1200000047683716,6.400000095367432,268.3999938964844,3.1000001430511475
46.74147305399782,-118.8403582056508,1999.0,9.0,10.0,1999-09-10,1,,327.0,7.3,46.733333333333334,-118.84999996666667,1999-09-10,299.0,0.0,0.00496999965980649,93.5999984741211,1.3799999952316284,6.599999904632568,231.6999969482422,3.200000047683716
41.035147062203144,-115.91649419973093,1989.0,7.0,28.0,1989-07-28,1,,1812.0,7.2,41.025000000000006,-115.93333330000002,1989-07-28,305.20001220703125,0.0,0.0042399996891617775,11.300000190734863,2.429999828338623,7.200000286102295,326.5,3.0
44.26876293999236,-96.78146460151262,1989.0,6.0,14.0,1989-06-14,1,,483.0,7.1,44.275000000000006,-96.76666663333334,1989-06-14,290.0,0.0,0.005679999943822622,46.10000228881836,0.550000011920929,3.299999952316284,171.0,4.700000286102295
43.20546065356921,-88.86294455583972,1993.0,11.0,16.0,1993-11-16,1,,249.0,6.2,43.19166666666667,-88.84999996666667,1993-11-16,280.20001220703125,0.0,0.003700000001117587,100.0,0.17000000178813934,0.800000011920929,97.5,4.0
45.2680014,-118.0257466,2002.0,7.0,15.0,2002-07-15,1,2.0,823.0,7.9,45.275000000000006,-118.01666663333334,2002-07-15,284.79998779296875,0.0,0.007929999381303787,68.5,1.959999918937683,9.199999809265137,318.6000061035156,3.200000047683716
41.870686892263464,-114.82500773868844,1982.0,12.0,29.0,1982-12-29,1,,2123.0,7.1,41.85833333333334,-114.80833330000002,1982-12-29,265.70001220703125,0.0,0.0014400000218302011,43.29999923706055,0.07000000029802322,0.30000001192092896,87.80000305175781,2.6000001430511475
46.91046,-121.15371,2011.0,7.0,14.0,2011-07-14,1,2.0,1521.0,5.8,46.900000000000006,-121.14166663333334,2011-07-14,277.20001220703125,0.0,0.005579999648034573,83.9000015258789,0.41999998688697815,4.0,225.6999969482422,4.0
43.8261,-122.2327,2006.0,9.0,9.0,2006-09-09,1,3.0,1610.0,5.6,43.81666666666667,-122.22499996666667,2006-09-09,287.20001220703125,0.0,0.00752999959513545,49.5,0.1599999964237213,2.6000001430511475,239.60000610351562,3.5
44.5863,-111.5283,1993.0,7.0,15.0,1993-07-15,1,2.0,2278.0,6.1,44.56666666666667,-111.51666663333334,1993-07-15,288.0,0.800000011920929,0.005399999674409628,80.9000015258789,0.5699999928474426,4.200000286102295,315.3999938964844,3.200000047683716
41.88934302267907,-97.40601737914278,2018.0,1.0,20.0,2018-01-20,1,,498.0,6.4,41.900000000000006,-97.39166663333334,2018-01-20,270.70001220703125,0.0,0.002749999985098839,77.9000015258789,0.5099999904632568,1.7000000476837158,99.70000457763672,3.299999952316284
44.81044,-116.32041,2000.0,7.0,19.0,2000-07-19,1,2.0,1745.5,6.3,44.81666666666667,-116.30833330000002,2000-07-19,281.6000061035156,0.0,0.004979999735951424,19.30000114440918,1.709999918937683,6.200000286102295,327.20001220703125,2.700000047683716
43.76221456487415,-109.3480794453573,1985.0,7.0,13.0,1985-07-13,1,,3020.0,5.9,43.775000000000006,-109.34999996666667,1985-07-13,291.5,0.0,0.005789999850094318,86.30000305175781,0.8100000023841858,5.0,306.3999938964844,4.0
44.66531278965706,-119.71050297122846,2005.0,10.0,17.0,2005-10-17,1,,1491.0,6.4,44.650000000000006,-119.72499996666667,2005-10-17,292.1000061035156,0.0,0.00559999980032444,91.4000015258789,0.7699999809265137,3.5,153.0,2.799999952316284
47.29028,-113.63891,2017.0,7.0,20.0,2017-07-20,1,2.0,1455.0,5.9,47.275000000000006,-113.64166663333334,2017-07-20,299.70001220703125,0.0,0.007109999656677246,68.4000015258789,1.399999976158142,6.5,327.8000183105469,4.300000190734863
43.3716,-122.4205,2009.0,8.0,18.0,2009-08-18,1,2.0,1595.0,5.6,43.358333333333334,-122.43333330000002,2009-08-18,301.1000061035156,0.0,0.0064199999906122684,28.100000381469727,1.659999966621399,8.100000381469727,298.6000061035156,3.4000000953674316
41.178282452453566,-94.58122143016298,1990.0,5.0,30.0,1990-05-30,1,,401.0,6.4,41.19166666666667,-94.59999996666667,1990-05-30,295.6000061035156,0.0,0.007770000025629997,83.30000305175781,0.8499999642372131,6.400000095367432,251.1999969482422,5.099999904632568
46.70712732884422,-102.23236858711125,1984.0,6.0,17.0,1984-06-17,1,,682.0,7.2,46.69166666666667,-102.22499996666667,1984-06-17,288.5,3.0,0.009039999917149544,35.29999923706055,1.2799999713897705,8.199999809265137,314.5,4.400000095367432
48.88412738477365,-100.32789849158321,2011.0,10.0,19.0,2011-10-19,1,,692.0,7.0,48.900000000000006,-100.30833330000002,2011-10-19,266.0,0.0,0.0024599998723715544,97.9000015258789,0.22999998927116394,1.3000000715255737,130.1999969482422,2.200000047683716
44.5979,-122.1316,1994.0,8.0,4.0,1994-08-04,1,2.0,1294.0,5.3,44.608333333333334,-122.14166663333334,1994-08-04,282.5,0.0,0.010369999334216118,100.0,0.5199999809265137,4.400000095367432,311.8999938964844,3.0
47.80330685930822,-92.26767998831015,2005.0,6.0,17.0,2005-06-17,1,,421.0,5.3,47.81666666666667,-92.26666663333334,2005-06-17,281.3999938964844,0.0,0.006619999650865793,42.900001525878906,0.9099999666213989,5.099999904632568,315.8999938964844,1.3000000715255737
46.72284153632743,-113.77007894674198,2017.0,2.0,23.0,2017-02-23,1,,1431.0,6.2,46.733333333333334,-113.76666663333334,2017-02-23,265.70001220703125,0.30000001192092896,0.0022399998269975185,43.0,0.23999999463558197,1.2000000476837158,134.90000915527344,3.0
44.608317144984085,-104.74965070682224,1993.0,8.0,7.0,1993-08-07,1,,1368.0,6.5,44.608333333333334,-104.76666663333334,1993-08-07,300.8999938964844,0.0,0.008189999498426914,100.0,1.2799999713897705,5.400000095367432,289.6000061035156,3.0
41.32447848654508,-88.7654140796412,1993.0,5.0,29.0,1993-05-29,1,,191.0,6.3,41.31666666666667,-88.76666663333334,1993-05-29,290.5,0.4000000059604645,0.0061599998734891415,100.0,0.5699999928474426,3.299999952316284,177.5,4.400000095367432
47.65889,-117.425,1979.0,6.0,19.0,1979-06-19,1,2.0,569.0,,47.650000000000006,-117.43333330000002,1979-06-19,295.6000061035156,0.0,0.006259999703615904,34.5,0.8999999761581421,5.099999904632568,286.6000061035156,4.800000190734863
43.26288488882131,-101.46192632934327,1992.0,7.0,9.0,1992-07-09,1,,900.0,7.3,43.275000000000006,-101.47499996666667,1992-07-09,299.1000061035156,4.900000095367432,0.010129999369382858,100.0,1.0399999618530273,6.400000095367432,272.5,3.1000001430511475
46.17523554729719,-123.73960919315653,2002.0,1.0,3.0,2002-01-03,1,,61.0,,46.19166666666667,-123.72499996666667,2002-01-03,278.79998779296875,9.90000057220459,0.005799999926239252,75.4000015258789,0.07999999821186066,0.800000011920929,29.5,6.400000095367432
43.37247256371539,-107.97282074607129,1982.0,8.0,16.0,1982-08-16,1,,1748.0,8.0,43.358333333333334,-107.97499996666667,1982-08-16,305.1000061035156,0.0,0.0071000000461936,50.60000228881836,2.299999952316284,6.099999904632568,271.1000061035156,1.3000000715255737
45.1387,-110.5862,1996.0,7.0,19.0,1996-07-19,1,2.0,2475.0,5.8,45.150000000000006,-110.59999996666667,1996-07-19,294.20001220703125,0.0,0.0049299998208880424,63.0,1.0699999332427979,7.5,308.5,4.400000095367432
40.93226173296306,-95.10003108224493,2006.0,4.0,24.0,2006-04-24,1,,364.0,6.4,40.94166666666667,-95.09999996666667,2006-04-24,292.3999938964844,0.4000000059604645,0.005760000087320805,73.80000305175781,0.7199999690055847,3.1000001430511475,140.40000915527344,3.4000000953674316
40.675754022796575,-102.11433863441037,1988.0,9.0,23.0,1988-09-23,1,,1111.0,7.1,40.69166666666667,-102.09999996666667,1988-09-23,295.70001220703125,0.0,0.005679999943822622,29.399999618530273,1.0199999809265137,6.300000190734863,207.3000030517578,4.700000286102295
44.14352449549506,-112.81593357653448,1981.0,8.0,27.0,1981-08-27,1,,2499.0,7.2,44.150000000000006,-112.80833330000002,1981-08-27,285.20001220703125,0.0,0.0057299998588860035,18.5,1.5999999046325684,5.099999904632568,259.1000061035156,2.700000047683716
45.2508,-109.7415,1994.0,6.0,27.0,1994-06-27,1,2.0,2507.0,6.2,45.233333333333334,-109.72499996666667,1994-06-27,271.3999938964844,0.0,0.004449999891221523,88.20000457763672,0.6399999856948853,4.5,310.8999938964844,5.0
47.691441387871656,-95.51687262659394,1998.0,6.0,20.0,1998-06-20,1,,387.0,,47.69166666666667,-95.51666663333334,1998-06-20,294.8999938964844,0.0,0.008599999360740185,100.0,0.6899999976158142,4.700000286102295,261.3000183105469,7.400000095367432
38.952416554614615,-101.54416160444359,2012.0,7.0,4.0,2012-07-04,1,,1011.0,7.7,38.94166666666667,-101.55833330000002,2012-07-04,294.29998779296875,0.0,0.009719999507069588,61.10000228881836,3.3299999237060547,10.300000190734863,322.3000183105469,5.599999904632568
43.46593168395284,-93.47606171454805,1983.0,8.0,12.0,1983-08-12,1,,392.0,6.5,43.483333333333334,-93.47499996666667,1983-08-12,284.3999938964844,0.0,0.009990000165998936,87.70000457763672,0.7299999594688416,5.300000190734863,257.8000183105469,3.4000000953674316
46.20833,-117.58167,1997.0,6.0,27.0,1997-06-27,1,2.0,1664.0,6.1,46.19166666666667,-117.59999996666667,1997-06-27,291.0,0.0,0.006049999967217445,47.29999923706055,0.6399999856948853,5.300000190734863,325.8000183105469,2.799999952316284
48.89521,-120.64499,2018.0,8.0,13.0,2018-08-13,1,2.0,1385.0,5.7,48.900000000000006,-120.64166663333334,2018-08-13,294.6000061035156,0.0,0.006019999738782644,92.30000305175781,0.8499999642372131,5.200000286102295,273.70001220703125,2.5
48.875970296073135,-94.71333250923135,1999.0,3.0,28.0,1999-03-28,1,,320.0,,48.858333333333334,-94.72499996666667,1999-03-28,272.29998779296875,12.699999809265137,0.0032999999821186066,96.9000015258789,0.19999998807907104,1.7000000476837158,122.30000305175781,3.200000047683716
42.7453,-110.905,1993.0,7.0,16.0,1993-07-16,1,2.0,2316.0,6.6,42.733333333333334,-110.89166663333334,1993-07-16,291.0,0.6000000238418579,0.00687999976798892,100.0,0.5899999737739563,4.400000095367432,309.5,3.4000000953674316
41.54798188338316,-116.23796680203742,2019.0,12.0,18.0,2019-12-18,1,,1731.0,7.2,41.56666666666667,-116.22499996666667,2019-12-18,268.70001220703125,0.0,0.0015999999595806003,25.100000381469727,0.38999998569488525,1.5,87.0,4.300000190734863
43.574,-122.1374,2005.0,8.0,11.0,2005-08-11,1,2.0,1765.0,5.7,43.56666666666667,-122.14166663333334,2005-08-11,277.70001220703125,0.0,0.0049600000493228436,31.200000762939453,0.9199999570846558,5.700000286102295,306.3000183105469,2.5
45.164994116795675,-106.87358692796151,2009.0,12.0,21.0,2009-12-21,1,,1160.0,7.6,45.150000000000006,-106.89166663333334,2009-12-21,269.1000061035156,0.0,0.0027699999045580626,48.900001525878906,0.2800000011920929,0.9000000357627869,56.70000076293945,2.799999952316284
37.95246014088769,-112.59507749704125,2010.0,11.0,18.0,2010-11-18,1,,2343.0,7.5,37.94166666666667,-112.59999996666667,2010-11-18,283.6000061035156,0.0,0.002420000033453107,60.10000228881836,0.5799999833106995,2.0,128.5,3.200000047683716
44.544,-109.4352,1983.0,7.0,31.0,1983-07-31,1,2.0,2435.0,6.6,44.525000000000006,-109.43333330000002,1983-07-31,283.70001220703125,0.800000011920929,0.00723999971523881,65.30000305175781,1.399999976158142,5.5,273.70001220703125,1.3000000715255737
43.6295,-111.2113,1991.0,6.0,23.0,1991-06-23,1,2.0,1943.0,6.5,43.650000000000006,-111.22499996666667,1991-06-23,278.0,0.0,0.0050399997271597385,65.30000305175781,1.1899999380111694,8.600000381469727,319.8999938964844,5.200000286102295
39.506605512243176,-98.11423786813303,2007.0,3.0,9.0,2007-03-09,1,,458.0,7.3,39.525000000000006,-98.09999996666667,2007-03-09,290.8999938964844,0.4000000059604645,0.0042399996891617775,82.20000457763672,0.7999999523162842,4.599999904632568,183.1999969482422,3.5
42.51602462474401,-90.68656250256397,2006.0,12.0,30.0,2006-12-30,1,,239.0,,42.525000000000006,-90.68333330000002,2006-12-30,282.0,3.799999952316284,0.004489999730139971,70.0,0.1599999964237213,1.2000000476837158,32.400001525878906,4.599999904632568
38.97434415105911,-121.00876821211163,1999.0,1.0,17.0,1999-01-17,1,,536.0,5.9,38.98333333333334,-121.01666663333334,1999-01-17,277.79998779296875,11.800000190734863,0.0063699996098876,100.0,0.17000000178813934,1.399999976158142,35.900001525878906,5.200000286102295
43.58265703112075,-119.05882035854339,2005.0,8.0,30.0,2005-08-30,1,,1267.0,,43.56666666666667,-119.05833330000002,2005-08-30,272.20001220703125,0.0,0.004350000061094761,22.5,0.949999988079071,5.5,275.8000183105469,2.700000047683716
40.43105553410384,-107.79741382039974,1992.0,8.0,30.0,1992-08-30,1,,1948.0,7.6,40.44166666666667,-107.80833330000002,1992-08-30,298.29998779296875,0.0,0.004619999788701534,54.79999923706055,1.5399999618530273,6.5,195.6999969482422,2.799999952316284
48.6643,-118.2742,1996.0,6.0,6.0,1996-06-06,1,2.0,950.0,6.3,48.650000000000006,-118.26666663333334,1996-06-06,296.20001220703125,0.0,0.006319999694824219,68.20000457763672,0.9899999499320984,6.300000190734863,300.20001220703125,2.9000000953674316
40.4217974824485,-103.96964371476395,1998.0,7.0,3.0,1998-07-03,1,,1428.0,7.5,40.44166666666667,-103.97499996666667,1998-07-03,303.8999938964844,5.5,0.011339999735355377,79.0999984741211,1.5799999237060547,6.599999904632568,316.70001220703125,3.4000000953674316
48.55009509108797,-111.1768621347274,2010.0,12.0,22.0,2010-12-22,1,,1016.0,7.7,48.56666666666667,-111.18333330000002,2010-12-22,264.0,0.0,0.0011399999493733048,100.0,0.03999999910593033,0.10000000149011612,61.20000076293945,2.0
47.7277679,-120.879923,2003.0,7.0,25.0,2003-07-25,1,2.0,1723.0,5.4,47.733333333333334,-120.89166663333334,2003-07-25,278.70001220703125,0.0,0.0035500000230968,20.30000114440918,1.2799999713897705,5.200000286102295,329.3999938964844,2.299999952316284
45.5161,-110.4778,1990.0,8.0,4.0,1990-08-04,1,2.0,2380.0,6.2,45.525000000000006,-110.47499996666667,1990-08-04,294.20001220703125,0.0,0.005630000028759241,70.80000305175781,0.9799999594688416,5.300000190734863,276.8999938964844,1.899999976158142
45.29921124789804,-89.2277199639465,2002.0,5.0,14.0,2002-05-14,1,,492.0,5.0,45.31666666666667,-89.22499996666667,2002-05-14,275.6000061035156,0.0,0.004100000020116568,84.80000305175781,0.5799999833106995,5.099999904632568,293.5,4.300000190734863
40.4538662335157,-123.71103446899052,1995.0,8.0,21.0,1995-08-21,1,,848.0,5.8,40.44166666666667,-123.72499996666667,1995-08-21,304.0,0.0,0.006490000057965517,21.30000114440918,2.0899999141693115,6.5,308.8999938964844,3.1000001430511475
42.570767285396684,-122.08469502957047,2008.0,3.0,22.0,2008-03-22,1,,1285.0,6.1,42.56666666666667,-122.09999996666667,2008-03-22,269.6000061035156,0.0,0.0023900000378489494,29.0,0.7099999785423279,3.4000000953674316,255.3000030517578,3.6000001430511475
41.103850789127506,-113.17972969211296,1995.0,8.0,25.0,1995-08-25,1,,1287.0,8.0,41.10833333333334,-113.18333330000002,1995-08-25,306.6000061035156,0.0,0.006219999864697456,15.800000190734863,2.5199999809265137,6.200000286102295,243.60000610351562,2.9000000953674316
48.5761,-117.6815,1995.0,6.0,24.0,1995-06-24,1,2.0,1200.0,6.0,48.56666666666667,-117.68333330000002,1995-06-24,297.20001220703125,0.0,0.008449999615550041,45.70000076293945,0.9300000071525574,4.700000286102295,277.3000183105469,2.5
38.764969166490594,-99.49166409570839,2011.0,11.0,20.0,2011-11-20,1,,626.0,7.2,38.775000000000006,-99.47499996666667,2011-11-20,265.5,0.0,0.0023399998899549246,95.20000457763672,0.25,1.8000000715255737,106.70000457763672,3.9000000953674316
42.83662514409467,-108.53305258061096,2000.0,4.0,17.0,2000-04-17,1,,1701.0,7.5,42.81666666666667,-108.51666663333334,2000-04-17,275.20001220703125,0.0,0.00343999988399446,20.30000114440918,1.0199999809265137,4.200000286102295,233.1999969482422,3.0
41.58192796712405,-120.92520688351881,1983.0,2.0,19.0,1983-02-19,1,,1543.0,6.8,41.56666666666667,-120.93333330000002,1983-02-19,269.6000061035156,0.0,0.003399999812245369,100.0,0.22999998927116394,1.100000023841858,116.20000457763672,2.200000047683716
41.342088107634076,-105.19203127213035,2012.0,7.0,25.0,2012-07-25,1,,2119.0,7.5,41.35833333333334,-105.18333330000002,2012-07-25,284.70001220703125,4.900000095367432,0.008390000090003014,77.0999984741211,1.4399999380111694,5.599999904632568,262.3999938964844,3.4000000953674316
41.468095420981,-96.4653726826809,1984.0,9.0,15.0,1984-09-15,1,,357.0,6.9,41.48333333333334,-96.47499996666667,1984-09-15,278.70001220703125,0.0,0.004449999891221523,34.29999923706055,0.6499999761581421,2.6000001430511475,186.60000610351562,2.1000001430511475
45.0205,-109.9304,1995.0,7.0,18.0,1995-07-18,1,2.0,2320.0,6.4,45.025000000000006,-109.93333330000002,1995-07-18,293.6000061035156,1.7000000476837158,0.006289999932050705,32.5,0.8299999833106995,4.700000286102295,305.6000061035156,2.799999952316284
45.4287,-111.3827,1991.0,6.0,11.0,1991-06-11,1,2.0,2181.0,5.9,45.44166666666667,-111.39166663333334,1991-06-11,279.8999938964844,0.0,0.005630000028759241,69.80000305175781,1.3600000143051147,9.100000381469727,317.0,5.099999904632568
43.6874,-109.995,2006.0,6.0,29.0,2006-06-29,1,2.0,2669.0,5.9,43.69166666666667,-109.97499996666667,2006-06-29,280.1000061035156,0.4000000059604645,0.005589999724179506,23.5,1.399999976158142,5.900000095367432,292.0,3.299999952316284
42.91531161928273,-94.27113690836683,1985.0,5.0,27.0,1985-05-27,1,,340.0,6.9,42.900000000000006,-94.26666663333334,1985-05-27,295.8999938964844,0.0,0.007340000011026859,93.4000015258789,0.9099999666213989,4.300000190734863,190.40000915527344,4.200000286102295
43.02983146095102,-93.52167729421822,1986.0,9.0,8.0,1986-09-08,1,,377.0,6.6,43.025000000000006,-93.51666663333334,1986-09-08,276.20001220703125,1.100000023841858,0.005399999674409628,37.79999923706055,0.6699999570846558,3.4000000953674316,211.90000915527344,3.9000000953674316
39.670212839978596,-116.65665218456975,2004.0,8.0,5.0,2004-08-05,1,,2129.0,7.4,39.650000000000006,-116.64166663333334,2004-08-05,297.8999938964844,0.0,0.0044999998062849045,52.5,1.6399999856948853,9.0,304.6000061035156,4.200000286102295
48.21658,-115.50459,2020.0,7.0,19.0,2020-07-19,1,2.0,1144.0,6.4,48.233333333333334,-115.51666663333334,2020-07-19,301.0,0.0,0.00699999975040555,87.5,1.3700000047683716,8.40000057220459,317.3000183105469,4.0
44.5053,-109.9865,1988.0,7.0,12.0,1988-07-12,1,2.0,2577.0,6.1,44.525000000000006,-109.97499996666667,1988-07-12,277.20001220703125,0.0,0.004309999756515026,12.100000381469727,1.1999999284744263,6.0,241.90000915527344,6.300000190734863
48.20444,-116.5875,1995.0,7.0,20.0,1995-07-20,1,2.0,677.0,6.1,48.19166666666667,-116.59999996666667,1995-07-20,303.5,0.0,0.008739999495446682,31.899999618530273,1.71999990940094,6.800000190734863,316.0,3.9000000953674316
46.604198587600465,-113.76139262019518,2006.0,2.0,15.0,2006-02-15,1,,1926.0,5.7,46.608333333333334,-113.76666663333334,2006-02-15,265.29998779296875,1.2000000476837158,0.0010100000072270632,75.0999984741211,0.08999999612569809,0.5,134.5,2.299999952316284
44.41478639483514,-100.28558588329402,1993.0,4.0,1.0,1993-04-01,1,,533.0,7.4,44.400000000000006,-100.26666663333334,1993-04-01,278.1000061035156,0.0,0.002579999854788184,44.900001525878906,0.28999999165534973,2.4000000953674316,183.3000030517578,2.799999952316284
48.7233,-116.52954,2019.0,7.0,15.0,2019-07-15,1,2.0,1154.0,6.0,48.733333333333334,-116.51666663333334,2019-07-15,279.70001220703125,0.5,0.00612999964505434,36.29999923706055,0.75,5.200000286102295,243.40000915527344,3.200000047683716
40.982590137458445,-107.45832269939586,2014.0,8.0,3.0,2014-08-03,1,,2033.0,7.6,40.98333333333334,-107.47499996666667,2014-08-03,302.8999938964844,0.0,0.006490000057965517,15.90000057220459,1.899999976158142,8.199999809265137,286.3000183105469,3.0
38.761625876140144,-94.4300344986178,1993.0,11.0,26.0,1993-11-26,1,,308.0,6.0,38.775000000000006,-94.43333330000002,1993-11-26,273.70001220703125,1.100000023841858,0.001339999958872795,59.10000228881836,0.2800000011920929,1.3000000715255737,107.80000305175781,4.599999904632568
46.86859,-121.5176,2020.0,9.0,3.0,2020-09-03,1,3.0,1618.0,4.9,46.858333333333334,-121.51666663333334,2020-09-03,282.5,0.0,0.0063299997709691525,21.5,1.3600000143051147,5.099999904632568,245.1999969482422,1.8000000715255737
44.7518,-116.3405,1999.0,6.0,21.0,1999-06-21,1,2.0,1775.0,6.2,44.733333333333334,-116.34999996666667,1999-06-21,291.6000061035156,1.0,0.0065899998880922794,26.80000114440918,0.6699999570846558,4.599999904632568,216.40000915527344,2.799999952316284
37.84247499689964,-117.63012265311413,1993.0,2.0,14.0,1993-02-14,1,,1409.0,8.5,37.85833333333334,-117.64166663333334,1993-02-14,280.5,0.0,0.0028899998869746923,34.20000076293945,0.3700000047683716,2.4000000953674316,159.1999969482422,2.700000047683716
42.66239187444187,-100.41215010785307,2017.0,5.0,19.0,2017-05-19,1,,853.0,6.9,42.650000000000006,-100.39166663333334,2017-05-19,282.6000061035156,14.100000381469727,0.005409999750554562,100.0,0.14000000059604645,1.3000000715255737,98.20000457763672,5.599999904632568
41.94760983373131,-120.37596096299343,1999.0,10.0,15.0,1999-10-15,1,,1434.0,,41.94166666666667,-120.39166663333334,1999-10-15,287.3999938964844,0.0,0.0022700000554323196,100.0,0.6800000071525574,4.400000095367432,183.3000030517578,3.9000000953674316
48.23379696126565,-92.11215020164003,2014.0,1.0,28.0,2014-01-28,1,,392.0,5.2,48.233333333333334,-92.09999996666667,2014-01-28,252.89999389648438,0.0,0.0003600000054575503,57.79999923706055,0.029999999329447746,0.30000001192092896,90.9000015258789,6.599999904632568
43.363365125449576,-89.92439655491127,2009.0,10.0,21.0,2009-10-21,1,,348.0,5.8,43.358333333333334,-89.93333330000002,2009-10-21,284.5,4.300000190734863,0.009509999305009842,79.0,0.26999998092651367,1.3000000715255737,62.5,3.9000000953674316
43.3216,-110.8799,1991.0,7.0,20.0,1991-07-20,1,2.0,2180.0,6.3,43.31666666666667,-110.89166663333334,1991-07-20,280.20001220703125,0.4000000059604645,0.006029999814927578,72.5999984741211,1.3199999332427979,8.100000381469727,302.1000061035156,4.099999904632568
43.75297485312696,-113.82491724189866,2013.0,10.0,26.0,2013-10-26,1,,2957.0,6.5,43.733333333333334,-113.80833330000002,2013-10-26,280.8999938964844,0.0,0.0020800000056624413,48.60000228881836,0.5399999618530273,2.5,144.10000610351562,2.200000047683716
42.607471593339014,-112.53453267403643,1983.0,7.0,21.0,1983-07-21,1,,1674.0,7.3,42.608333333333334,-112.51666663333334,1983-07-21,282.0,0.0,0.0060699996538460255,50.70000076293945,1.8299999237060547,7.300000190734863,321.8000183105469,1.899999976158142
38.9545001474229,-123.14031795972797,2005.0,7.0,14.0,2005-07-14,1,,259.0,6.1,38.94166666666667,-123.14166663333334,2005-07-14,289.8999938964844,0.0,0.008369999937713146,24.200000762939453,2.7100000381469727,13.100000381469727,364.5,4.599999904632568
46.4178217539029,-102.7096948781988,2014.0,11.0,5.0,2014-11-05,1,,782.0,7.1,46.400000000000006,-102.72499996666667,2014-11-05,268.70001220703125,0.0,0.0040799998678267,100.0,0.19999998807907104,1.899999976158142,105.80000305175781,7.300000190734863
38.70631278489162,-100.97542651200237,2011.0,7.0,22.0,2011-07-22,1,,902.0,7.8,38.69166666666667,-100.97499996666667,2011-07-22,294.70001220703125,4.400000095367432,0.010780000127851963,65.70000457763672,3.1999998092651367,13.100000381469727,311.8000183105469,4.599999904632568
43.22289290356121,-116.25723990305013,2003.0,5.0,6.0,2003-05-06,1,,973.0,7.8,43.233333333333334,-116.26666663333334,2003-05-06,275.1000061035156,0.0,0.004119999706745148,39.60000228881836,0.550000011920929,2.799999952316284,198.3000030517578,1.8000000715255737
47.92138,-117.09784,2017.0,7.0,15.0,2017-07-15,1,2.0,1349.0,6.0,47.94166666666667,-117.09999996666667,2017-07-15,300.79998779296875,0.0,0.007809999864548445,71.20000457763672,1.459999918937683,6.099999904632568,315.3000183105469,3.1000001430511475
39.84100212165121,-90.81031812264965,1999.0,2.0,10.0,1999-02-10,1,,209.0,5.9,39.85833333333334,-90.80833330000002,1999-02-10,273.6000061035156,0.0,0.006089999806135893,92.20000457763672,0.3199999928474426,2.6000001430511475,85.5,6.200000286102295
39.96759654926086,-112.9976681017792,1994.0,3.0,5.0,1994-03-05,1,,1364.0,8.3,39.98333333333334,-113.01666663333334,1994-03-05,290.1000061035156,0.0,0.003719999920576811,76.30000305175781,0.7699999809265137,3.1000001430511475,151.8000030517578,1.7000000476837158
48.52126351591561,-119.0206857111721,1999.0,1.0,8.0,1999-01-08,1,,890.0,6.6,48.525000000000006,-119.01666663333334,1999-01-08,266.20001220703125,0.0,0.0024999999441206455,89.5,0.12999999523162842,0.699999988079071,36.20000076293945,2.700000047683716
41.50338307594197,-122.4586351576242,1990.0,3.0,15.0,1990-03-15,1,,840.0,6.2,41.48333333333334,-122.47499996666667,1990-03-15,289.70001220703125,0.0,0.004170000087469816,40.20000076293945,0.6100000143051147,3.799999952316284,230.6999969482422,2.700000047683716
43.001999177614664,-91.4258427398569,2014.0,7.0,12.0,2014-07-12,1,,323.0,6.0,42.983333333333334,-91.43333330000002,2014-07-12,299.5,6.0,0.013249999843537807,60.5,0.6100000143051147,4.599999904632568,227.0,2.799999952316284
45.2823,-111.1521,2007.0,7.0,29.0,2007-07-29,1,2.0,2492.0,5.8,45.275000000000006,-111.14166663333334,2007-07-29,300.3999938964844,0.4000000059604645,0.005140000022947788,17.600000381469727,1.8499999046325684,8.600000381469727,305.5,3.200000047683716
42.10701427681704,-87.86944226721386,1994.0,6.0,10.0,1994-06-10,1,,205.0,,42.108333333333334,-87.84999996666667,1994-06-10,282.5,0.30000001192092896,0.005319999996572733,59.20000076293945,1.1699999570846558,4.599999904632568,296.1000061035156,1.5
48.79157,-113.66642,2016.0,7.0,10.0,2016-07-10,1,2.0,1488.0,,48.775000000000006,-113.68333330000002,2016-07-10,291.3999938964844,21.399999618530273,0.005409999750554562,66.20000457763672,0.75,4.5,271.3000183105469,3.5
46.1682,-110.3769,2002.0,7.0,9.0,2002-07-09,1,2.0,2088.0,6.0,46.150000000000006,-110.39166663333334,2002-07-09,275.5,0.0,0.00535999983549118,83.70000457763672,0.7299999594688416,6.400000095367432,318.8000183105469,4.900000095367432
46.22247,-117.75964,2001.0,6.0,8.0,2001-06-08,1,2.0,1089.0,6.2,46.233333333333334,-117.76666663333334,2001-06-08,294.6000061035156,0.4000000059604645,0.0077599999494850636,48.400001525878906,0.7400000095367432,4.400000095367432,282.70001220703125,2.299999952316284
38.269494526172984,-101.46096365364559,1998.0,10.0,28.0,1998-10-28,1,,1028.0,7.6,38.275000000000006,-101.47499996666667,1998-10-28,279.3999938964844,0.0,0.0059899999760091305,21.899999618530273,0.8100000023841858,3.299999952316284,155.6999969482422,5.200000286102295
48.6291769479989,-94.99911284355578,2016.0,12.0,15.0,2016-12-15,1,,383.0,6.5,48.650000000000006,-95.01666663333334,2016-12-15,256.0,0.0,0.00045999998110346496,98.30000305175781,0.019999999552965164,0.30000001192092896,63.400001525878906,3.6000001430511475
39.43096887788551,-99.5002559050881,2014.0,3.0,6.0,2014-03-06,1,,610.0,7.3,39.44166666666667,-99.51666663333334,2014-03-06,289.3999938964844,0.0,0.0027099999133497477,18.5,0.7599999904632568,5.5,192.8000030517578,5.099999904632568
47.33917,-121.49639,2002.0,8.0,10.0,2002-08-10,1,2.0,1303.0,5.1,47.358333333333334,-121.51666663333334,2002-08-10,283.3999938964844,0.0,0.008379999548196793,93.20000457763672,0.5,4.900000095367432,278.8999938964844,5.200000286102295
38.34056569418344,-109.2675758932251,1981.0,12.0,14.0,1981-12-14,1,,2297.0,7.3,38.35833333333334,-109.26666663333334,1981-12-14,278.29998779296875,0.0,0.0027299998328089714,84.9000015258789,0.28999999165534973,0.9000000357627869,75.9000015258789,1.7000000476837158
46.37197555231177,-98.05801051060472,2019.0,8.0,4.0,2019-08-04,1,,418.0,7.5,46.358333333333334,-98.05833330000002,2019-08-04,290.29998779296875,6.200000286102295,0.01370999962091446,47.0,0.8199999928474426,5.900000095367432,270.5,3.6000001430511475
48.4636,-121.93,1995.0,9.0,1.0,1995-09-01,1,3.0,1116.0,4.9,48.483333333333334,-121.93333330000002,1995-09-01,295.70001220703125,0.0,0.0064199999906122684,72.70000457763672,0.9899999499320984,3.5,245.3000030517578,1.600000023841858
39.703756986269276,-97.33275374513487,2006.0,12.0,24.0,2006-12-24,1,,438.0,6.4,39.69166666666667,-97.34999996666667,2006-12-24,282.1000061035156,0.0,0.002639999845996499,34.0,0.38999998569488525,2.4000000953674316,100.80000305175781,3.9000000953674316
45.638816363094506,-112.4586735574093,2015.0,2.0,4.0,2015-02-04,1,,2095.0,7.0,45.650000000000006,-112.47499996666667,2015-02-04,275.5,0.0,0.003129999851807952,59.400001525878906,0.12999999523162842,0.699999988079071,89.30000305175781,3.200000047683716
43.6591,-122.1034,1994.0,8.0,2.0,1994-08-02,1,2.0,2137.0,5.5,43.650000000000006,-122.09999996666667,1994-08-02,280.1000061035156,0.0,0.008969999849796295,95.9000015258789,0.6399999856948853,4.5,310.8999938964844,2.6000001430511475
43.96108191515364,-110.6107458285036,2002.0,10.0,25.0,2002-10-25,1,,2181.0,6.0,43.94166666666667,-110.59999996666667,2002-10-25,278.6000061035156,0.30000001192092896,0.0028299998957663774,38.900001525878906,0.25,1.3000000715255737,143.3000030517578,3.299999952316284
38.11624672500185,-108.53013553557237,2004.0,4.0,17.0,2004-04-17,1,,2076.0,7.6,38.10833333333334,-108.51666663333334,2004-04-17,292.79998779296875,0.0,0.0034899997990578413,48.10000228881836,1.059999942779541,5.900000095367432,245.90000915527344,8.100000381469727
47.89419,-117.09585,2018.0,7.0,23.0,2018-07-23,1,2.0,1435.0,5.9,47.900000000000006,-117.09999996666667,2018-07-23,301.3999938964844,0.0,0.005210000090301037,42.400001525878906,1.96999990940094,7.200000286102295,325.70001220703125,1.8000000715255737
45.74951308999413,-99.39597456018657,2018.0,10.0,7.0,2018-10-07,1,,585.0,7.1,45.733333333333334,-99.39166663333334,2018-10-07,273.0,8.100000381469727,0.004119999706745148,97.70000457763672,0.05999999865889549,0.699999988079071,47.70000076293945,3.9000000953674316
46.55180122676247,-110.97637153849908,1999.0,12.0,9.0,1999-12-09,1,,1498.0,7.6,46.56666666666667,-110.97499996666667,1999-12-09,274.5,0.0,0.001979999942705035,78.20000457763672,0.20999999344348907,1.7000000476837158,57.60000228881836,5.700000286102295
43.76222,-122.01986,2020.0,8.0,6.0,2020-08-06,1,2.0,1660.0,5.9,43.775000000000006,-122.01666663333334,2020-08-06,284.5,0.0,0.0077299997210502625,100.0,0.07999999821186066,2.799999952316284,306.3999938964844,4.599999904632568
40.993409485240235,-86.14272343875209,1986.0,4.0,28.0,1986-04-28,1,,249.0,6.1,40.98333333333334,-86.14166663333334,1986-04-28,294.70001220703125,1.600000023841858,0.007109999656677246,32.10000228881836,0.7400000095367432,5.400000095367432,143.1999969482422,6.0
47.94635429195576,-121.89408912482912,1999.0,3.0,25.0,1999-03-25,1,,133.0,5.4,47.94166666666667,-121.89166663333334,1999-03-25,277.29998779296875,5.099999904632568,0.005379999987781048,100.0,0.17000000178813934,1.8000000715255737,132.3000030517578,4.900000095367432
40.3287445859998,-87.53266508094939,2000.0,8.0,11.0,2000-08-11,1,,216.0,6.4,40.31666666666667,-87.51666663333334,2000-08-11,288.70001220703125,0.0,0.012349999509751797,56.5,0.7699999809265137,4.700000286102295,285.6000061035156,2.799999952316284
47.517374680365165,-113.9093534699253,1993.0,5.0,4.0,1993-05-04,1,,2180.0,6.0,47.525000000000006,-113.89166663333334,1993-05-04,280.6000061035156,6.099999904632568,0.0050999997183680534,100.0,0.1899999976158142,1.5,91.70000457763672,4.599999904632568
43.393571537955395,-89.30921566528357,1979.0,5.0,27.0,1979-05-27,1,,306.0,6.2,43.400000000000006,-89.30833330000002,1979-05-27,294.8999938964844,0.0,0.005249999929219484,32.20000076293945,0.8899999856948853,4.200000286102295,245.10000610351562,2.9000000953674316
43.16667,-121.5,1985.0,7.0,31.0,1985-07-31,1,2.0,1549.0,6.5,43.150000000000006,-121.51666663333334,1985-07-31,293.5,0.9000000357627869,0.0081599997356534,100.0,0.3999999761581421,3.299999952316284,240.60000610351562,2.9000000953674316
48.826574537949284,-111.75627698032467,2015.0,12.0,21.0,2015-12-21,1,,1100.0,7.5,48.81666666666667,-111.76666663333334,2015-12-21,273.5,1.5,0.0020899998489767313,50.70000076293945,0.19999998807907104,1.3000000715255737,53.70000076293945,4.5
45.25163649775881,-105.113843278797,1996.0,1.0,5.0,1996-01-05,1,,1072.0,7.5,45.233333333333334,-105.09999996666667,1996-01-05,262.6000061035156,0.0,0.0008099999977275729,87.70000457763672,0.07999999821186066,0.20000000298023224,56.400001525878906,1.5
38.957370487394066,-95.9009372518785,2011.0,8.0,14.0,2011-08-14,1,,344.0,6.7,38.94166666666667,-95.89166663333334,2011-08-14,288.20001220703125,0.0,0.01145000010728836,99.70000457763672,1.2400000095367432,6.400000095367432,283.3999938964844,2.5
47.3898926,-121.8874918,2002.0,8.0,9.0,2002-08-09,1,2.0,1402.0,5.3,47.400000000000006,-121.89166663333334,2002-08-09,284.79998779296875,0.0,0.008179999887943268,72.70000457763672,0.949999988079071,4.300000190734863,216.10000610351562,1.5
43.94176,-121.9004,2017.0,7.0,21.0,2017-07-21,1,2.0,1548.0,5.8,43.94166666666667,-121.89166663333334,2017-07-21,295.5,0.0,0.006559999659657478,100.0,0.7799999713897705,4.700000286102295,335.0,2.200000047683716
43.6585,-111.4946,1991.0,6.0,27.0,1991-06-27,1,2.0,2071.0,6.2,43.650000000000006,-111.47499996666667,1991-06-27,277.3999938964844,0.699999988079071,0.00535999983549118,72.70000457763672,0.85999995470047,6.300000190734863,265.6000061035156,4.200000286102295
44.544,-110.1035,1986.0,8.0,8.0,1986-08-08,1,2.0,2542.0,6.3,44.525000000000006,-110.09999996666667,1986-08-08,294.8999938964844,0.0,0.005109999794512987,22.0,1.1200000047683716,6.200000286102295,268.0,2.9000000953674316
47.05999268505656,-93.56766435395024,2002.0,12.0,20.0,2002-12-20,1,,399.0,,47.06666666666667,-93.55833330000002,2002-12-20,271.8999938964844,0.0,0.0021100000012665987,55.70000076293945,0.11999999731779099,0.699999988079071,33.29999923706055,6.300000190734863
46.0225,-115.89,1981.0,6.0,5.0,1981-06-05,1,2.0,778.0,6.6,46.025000000000006,-115.89166663333334,1981-06-05,281.6000061035156,8.199999809265137,0.008630000054836273,49.0,0.85999995470047,4.5,269.6000061035156,2.299999952316284
37.99736758361647,-89.16567447580539,1988.0,12.0,25.0,1988-12-25,1,,121.0,5.6,37.98333333333334,-89.18333330000002,1988-12-25,280.0,0.0,0.0024999999441206455,36.400001525878906,0.3400000035762787,1.600000023841858,103.5,2.299999952316284
47.85306845982171,-93.68106347235485,2018.0,5.0,3.0,2018-05-03,1,,409.0,5.7,47.858333333333334,-93.68333330000002,2018-05-03,293.6000061035156,0.0,0.004519999958574772,94.4000015258789,0.8499999642372131,6.099999904632568,294.1000061035156,3.9000000953674316
38.55880308736526,-116.54566693048977,2017.0,5.0,1.0,2017-05-01,1,,2168.0,7.9,38.56666666666667,-116.55833330000002,2017-05-01,275.79998779296875,0.0,0.004230000078678131,26.80000114440918,0.7299999594688416,4.700000286102295,304.70001220703125,5.5
40.82069792936983,-101.30298393230647,2012.0,7.0,20.0,2012-07-20,1,,1011.0,7.1,40.81666666666667,-101.30833330000002,2012-07-20,292.3999938964844,0.0,0.008080000057816505,55.400001525878906,3.68999981880188,10.300000190734863,315.0,5.0
40.49157510148746,-99.637344262084,2013.0,8.0,13.0,2013-08-13,1,,753.0,6.8,40.48333333333334,-99.64166663333334,2013-08-13,297.5,0.9000000357627869,0.011779999360442162,100.0,0.550000011920929,3.5,204.6999969482422,2.799999952316284
38.17585590144223,-90.97958890518947,1991.0,12.0,3.0,1991-12-03,1,,190.0,6.1,38.19166666666667,-90.97499996666667,1991-12-03,265.6000061035156,0.0,0.002209999831393361,56.29999923706055,0.14999999105930328,1.5,69.9000015258789,7.5
48.6028102677805,-103.29308062402279,1998.0,9.0,19.0,1998-09-19,1,,693.0,7.3,48.608333333333334,-103.30833330000002,1998-09-19,277.29998779296875,10.40000057220459,0.0076699997298419476,43.0,0.11999999731779099,1.399999976158142,129.90000915527344,3.299999952316284
41.335666432492324,-116.39814295500133,1996.0,11.0,25.0,1996-11-25,1,,2101.0,7.0,41.31666666666667,-116.39166663333334,1996-11-25,268.8999938964844,2.6000001430511475,0.0038399999029934406,60.10000228881836,0.10999999940395355,0.9000000357627869,90.0,3.200000047683716
46.87232,-121.51197,2019.0,9.0,20.0,2019-09-20,1,3.0,1687.0,4.9,46.858333333333334,-121.51666663333334,2019-09-20,277.5,0.0,0.00612999964505434,65.5999984741211,0.17999999225139618,1.8000000715255737,188.90000915527344,5.300000190734863
38.049151883616354,-120.30214336667862,2016.0,2.0,20.0,2016-02-20,1,,1236.0,5.9,38.06666666666667,-120.30833330000002,2016-02-20,287.1000061035156,0.0,0.004549999721348286,36.70000076293945,0.5399999618530273,2.9000000953674316,167.8000030517578,1.7000000476837158
38.87748614898798,-123.13733313568187,2013.0,10.0,16.0,2013-10-16,1,,226.0,5.9,38.85833333333334,-123.14166663333334,2013-10-16,299.6000061035156,0.0,0.0029700000304728746,41.10000228881836,1.8399999141693115,6.5,194.6999969482422,2.700000047683716
38.424947700277066,-101.24437453947043,2005.0,11.0,17.0,2005-11-17,1,,983.0,7.7,38.44166666666667,-101.22499996666667,2005-11-17,283.1000061035156,0.0,0.002099999925121665,68.0,0.4599999785423279,3.200000047683716,122.80000305175781,4.300000190734863
46.052507482114606,-109.1768604815517,1993.0,1.0,25.0,1993-01-25,1,,1261.0,7.5,46.06666666666667,-109.18333330000002,1993-01-25,280.0,0.0,0.0027699999045580626,43.79999923706055,0.28999999165534973,2.299999952316284,88.20000457763672,5.599999904632568
44.779959960137546,-91.70079019442377,2008.0,6.0,1.0,2008-06-01,1,,254.0,6.3,44.775000000000006,-91.68333330000002,2008-06-01,285.8999938964844,0.0,0.007679999805986881,39.5,1.1899999380111694,6.5,309.8999938964844,2.299999952316284
38.070040091652096,-111.33147118827355,2014.0,7.0,1.0,2014-07-01,1,,2816.0,6.0,38.06666666666667,-111.34999996666667,2014-07-01,294.6000061035156,0.0,0.0034799999557435513,13.0,1.3899999856948853,8.5,333.0,4.0
44.22483767142754,-91.25384303189051,2009.0,4.0,19.0,2009-04-19,1,,272.0,5.9,44.233333333333334,-91.26666663333334,2009-04-19,278.70001220703125,2.1000001430511475,0.004879999905824661,28.899999618530273,0.38999998569488525,1.7000000476837158,58.10000228881836,3.6000001430511475
43.44909161663627,-114.03887832215943,1990.0,1.0,16.0,1990-01-16,1,,1594.0,6.8,43.44166666666667,-114.05833330000002,1990-01-16,274.20001220703125,0.0,0.003000000026077032,55.70000076293945,0.07999999821186066,0.5,77.20000457763672,1.7000000476837158
39.09569956589461,-120.18487096352469,1997.0,1.0,14.0,1997-01-14,1,,2332.0,5.7,39.10833333333334,-120.18333330000002,1997-01-14,273.8999938964844,2.200000047683716,0.0015799999237060547,50.60000228881836,0.1899999976158142,0.9000000357627869,122.5,2.6000001430511475
40.4468363001239,-95.47306241678442,1993.0,9.0,6.0,1993-09-06,1,,332.0,6.5,40.44166666666667,-95.47499996666667,1993-09-06,293.0,13.5,0.008089999668300152,100.0,0.5,2.9000000953674316,204.0,2.6000001430511475
45.7418,-117.9815,1994.0,8.0,1.0,1994-08-01,1,2.0,1144.0,6.2,45.733333333333334,-117.97499996666667,1994-08-01,283.8999938964844,2.0,0.005619999952614307,51.900001525878906,1.7599999904632568,6.0,299.6000061035156,2.9000000953674316
48.74554944633791,-103.54486670090976,2009.0,7.0,31.0,2009-07-31,1,,666.0,7.4,48.733333333333334,-103.55833330000002,2009-07-31,294.5,2.0,0.007340000011026859,36.0,0.7899999618530273,6.599999904632568,278.20001220703125,6.0
44.827311685923384,-105.33837770804078,2019.0,7.0,30.0,2019-07-30,1,,1076.0,7.6,44.81666666666667,-105.34999996666667,2019-07-30,286.79998779296875,6.099999904632568,0.011029999703168869,24.399999618530273,1.8399999141693115,7.599999904632568,304.3999938964844,2.299999952316284
40.37551528210894,-87.62854470643404,1996.0,1.0,31.0,1996-01-31,1,,211.0,5.9,40.35833333333334,-87.64166663333334,1996-01-31,258.3999938964844,0.0,0.0005699999746866524,77.0999984741211,0.05999999865889549,0.4000000059604645,142.0,3.0
45.1941,-111.23868,2018.0,5.0,24.0,2018-05-24,1,1.0,1907.0,6.2,45.19166666666667,-111.22499996666667,2018-05-24,290.6000061035156,2.9000000953674316,0.006120000034570694,85.4000015258789,0.6399999856948853,5.599999904632568,254.40000915527344,5.5
49.005605326253374,-113.70062540476127,2006.0,10.0,18.0,2006-10-18,1,,1518.0,6.0,49.025000000000006,-113.68333330000002,2006-10-18,279.70001220703125,2.1000001430511475,0.003809999907389283,57.79999923706055,0.1899999976158142,1.899999976158142,86.5999984741211,7.300000190734863
46.3066359311909,-91.04362253515933,1984.0,4.0,26.0,1984-04-26,1,,419.0,5.0,46.31666666666667,-91.05833330000002,1984-04-26,289.70001220703125,32.20000076293945,0.005539999809116125,98.5,0.47999998927116394,4.300000190734863,163.5,6.5
48.95433,-121.66589,2014.0,9.0,6.0,2014-09-06,1,3.0,1581.0,5.0,48.94166666666667,-121.68333330000002,2014-09-06,285.29998779296875,0.0,0.005279999691992998,45.29999923706055,1.3199999332427979,6.099999904632568,217.3000030517578,3.200000047683716
47.4153932608145,-95.00916915991726,2002.0,4.0,11.0,2002-04-11,1,,429.0,6.6,47.400000000000006,-95.01666663333334,2002-04-11,272.20001220703125,0.0,0.004119999706745148,57.900001525878906,0.2800000011920929,2.299999952316284,137.0,3.1000001430511475
45.1664,-121.8364,1991.0,7.0,31.0,1991-07-31,1,2.0,1402.0,5.2,45.150000000000006,-121.84999996666667,1991-07-31,284.1000061035156,0.0,0.007860000245273113,65.0,1.0199999809265137,6.800000190734863,304.8000183105469,3.700000047683716
46.4522174057989,-121.08619102038446,2011.0,4.0,6.0,2011-04-06,1,,1711.0,5.8,46.44166666666667,-121.09999996666667,2011-04-06,266.3999938964844,8.800000190734863,0.0029799998737871647,99.70000457763672,0.05999999865889549,1.3000000715255737,213.8000030517578,8.800000190734863
45.645864306765176,-108.00805815387169,2005.0,6.0,5.0,2005-06-05,1,,1013.0,7.3,45.650000000000006,-108.01666663333334,2005-06-05,281.6000061035156,0.6000000238418579,0.007189999800175428,32.79999923706055,1.1200000047683716,6.400000095367432,317.1000061035156,2.299999952316284
40.43688431972392,-119.17550925628352,1986.0,5.0,28.0,1986-05-28,1,,1405.0,8.2,40.44166666666667,-119.18333330000002,1986-05-28,305.6000061035156,0.0,0.006479999981820583,13.600000381469727,2.259999990463257,9.90000057220459,350.6000061035156,3.1000001430511475
39.99925928617191,-123.17505120721842,2012.0,5.0,26.0,2012-05-26,1,,1194.0,5.9,39.98333333333334,-123.18333330000002,2012-05-26,276.6000061035156,0.800000011920929,0.005169999785721302,79.4000015258789,0.6299999952316284,4.900000095367432,356.6000061035156,6.700000286102295
38.12608109940836,-97.52048246044643,1986.0,3.0,31.0,1986-03-31,1,,447.0,6.3,38.10833333333334,-97.51666663333334,1986-03-31,298.29998779296875,9.699999809265137,0.008849999867379665,30.80000114440918,0.949999988079071,7.099999904632568,221.90000915527344,6.900000095367432
45.4032,-121.5641,1997.0,8.0,14.0,1997-08-14,1,2.0,1171.0,5.7,45.400000000000006,-121.55833330000002,1997-08-14,300.1000061035156,0.0,0.009879999794065952,39.400001525878906,1.0099999904632568,7.099999904632568,299.5,4.5
45.1038,-122.0143,1979.0,7.0,19.0,1979-07-19,1,2.0,1183.0,5.2,45.108333333333334,-122.01666663333334,1979-07-19,302.79998779296875,0.0,0.009080000221729279,31.899999618530273,1.5299999713897705,6.800000190734863,334.1000061035156,4.099999904632568
45.554081986696346,-92.61633812507979,1992.0,8.0,8.0,1992-08-08,1,,343.0,5.4,45.56666666666667,-92.59999996666667,1992-08-08,303.29998779296875,0.9000000357627869,0.014019999653100967,100.0,0.7899999618530273,5.0,244.5,2.4000000953674316
45.643586846821606,-116.60585072202689,2004.0,4.0,13.0,2004-04-13,1,,1738.0,6.0,45.650000000000006,-116.59999996666667,2004-04-13,290.20001220703125,0.0,0.004419999662786722,58.20000076293945,0.8299999833106995,3.4000000953674316,229.40000915527344,2.1000001430511475
45.72318947604703,-121.20587868028001,2015.0,1.0,12.0,2015-01-12,1,,426.0,6.5,45.733333333333334,-121.22499996666667,2015-01-12,276.6000061035156,0.4000000059604645,0.004350000061094761,89.30000305175781,0.009999999776482582,0.20000000298023224,40.60000228881836,1.100000023841858
47.75667,-121.09667,1980.0,7.0,8.0,1980-07-08,1,2.0,1564.0,5.0,47.775000000000006,-121.09999996666667,1980-07-08,295.29998779296875,2.700000047683716,0.006579999811947346,62.400001525878906,1.0,6.400000095367432,337.8000183105469,2.5
38.032918636040314,-103.98637332240116,2018.0,7.0,1.0,2018-07-01,1,,1379.0,8.0,38.025000000000006,-103.97499996666667,2018-07-01,306.29998779296875,0.0,0.008789999410510063,75.20000457763672,2.190000057220459,10.300000190734863,329.20001220703125,3.799999952316284
47.9796508855242,-88.74480989882143,1984.0,8.0,17.0,1984-08-17,1,,179.0,,47.983333333333334,-88.72499996666667,1984-08-17,285.29998779296875,3.799999952316284,0.008609999902546406,64.20000457763672,0.3400000035762787,3.200000047683716,205.10000610351562,2.6000001430511475
43.08333,-122.0,1984.0,8.0,26.0,1984-08-26,1,2.0,1589.0,6.0,43.06666666666667,-122.01666663333334,1984-08-26,278.79998779296875,0.0,0.0060699996538460255,24.899999618530273,1.2699999809265137,7.200000286102295,285.8000183105469,3.6000001430511475
41.89255311594324,-98.3239615375756,1990.0,9.0,13.0,1990-09-13,1,,602.0,6.9,41.900000000000006,-98.30833330000002,1990-09-13,287.3999938964844,0.0,0.009209999814629555,100.0,2.129999876022339,12.0,230.8000030517578,6.800000190734863
45.44984,-110.93233,2019.0,6.0,29.0,2019-06-29,1,2.0,2358.0,5.8,45.44166666666667,-110.93333330000002,2019-06-29,277.20001220703125,0.0,0.005260000005364418,32.10000228881836,0.75,5.700000286102295,314.8999938964844,2.9000000953674316
45.2022,-116.14367,2008.0,7.0,10.0,2008-07-10,1,2.0,2161.0,6.0,45.19166666666667,-116.14166663333334,2008-07-10,281.70001220703125,0.0,0.004139999859035015,22.100000381469727,1.25,8.300000190734863,339.6000061035156,4.400000095367432
40.88750014927069,-100.20557925526687,2015.0,8.0,3.0,2015-08-03,1,,794.0,6.9,40.900000000000006,-100.22499996666667,2015-08-03,290.79998779296875,0.0,0.009219999425113201,67.20000457763672,1.7999999523162842,8.300000190734863,272.5,3.4000000953674316
46.78699,-121.73397,2015.0,7.0,31.0,2015-07-31,1,2.0,1654.0,5.1,46.775000000000006,-121.72499996666667,2015-07-31,287.70001220703125,0.0,0.00535999983549118,31.5,1.9299999475479126,7.0,311.0,1.899999976158142
42.68783174238746,-123.17738227879964,2012.0,12.0,14.0,2012-12-14,1,,905.0,5.8,42.69166666666667,-123.18333330000002,2012-12-14,275.20001220703125,0.0,0.0030799999367445707,64.5,0.17000000178813934,0.800000011920929,41.400001525878906,1.5
38.89367953830852,-111.8787663974471,2018.0,3.0,5.0,2018-03-05,1,,1699.0,8.2,38.900000000000006,-111.89166663333334,2018-03-05,261.29998779296875,0.0,0.00215999991632998,100.0,0.23999999463558197,1.5,195.3000030517578,1.899999976158142
46.7305958925957,-113.52119658610992,2011.0,12.0,15.0,2011-12-15,1,,1360.0,6.9,46.733333333333334,-113.51666663333334,2011-12-15,265.0,0.9000000357627869,0.00267999991774559,100.0,0.07000000029802322,0.5,29.600000381469727,2.5
40.24153360756361,-92.86011952094977,2014.0,2.0,14.0,2014-02-14,1,,320.0,5.6,40.23333333333334,-92.84999996666667,2014-02-14,268.3999938964844,0.5,0.0020800000056624413,81.0999984741211,0.0,0.20000000298023224,69.70000457763672,4.5
45.11611,-119.41861,2002.0,6.0,5.0,2002-06-05,1,2.0,1627.0,6.2,45.108333333333334,-119.43333330000002,2002-06-05,279.70001220703125,0.0,0.006679999642074108,89.5999984741211,0.5999999642372131,5.599999904632568,257.3000183105469,5.800000190734863
45.549,-121.8083,1993.0,7.0,14.0,1993-07-14,1,2.0,1084.0,5.4,45.56666666666667,-121.80833330000002,1993-07-14,285.6000061035156,0.800000011920929,0.006730000022798777,100.0,0.25,2.299999952316284,162.40000915527344,6.200000286102295
42.91764,-122.43368,2020.0,10.0,1.0,2020-10-01,1,3.0,1070.0,5.9,42.900000000000006,-122.43333330000002,2020-10-01,281.8999938964844,0.0,0.005699999630451202,14.300000190734863,1.899999976158142,6.5,218.8000030517578,2.6000001430511475
43.594100979171984,-98.77251137079318,1999.0,3.0,12.0,1999-03-12,1,,485.0,7.1,43.608333333333334,-98.76666663333334,1999-03-12,267.8999938964844,0.0,0.002749999985098839,99.4000015258789,0.14000000059604645,1.2000000476837158,113.70000457763672,2.4000000953674316
48.51694,-113.97801,2019.0,7.0,5.0,2019-07-05,1,2.0,1206.0,6.3,48.525000000000006,-113.97499996666667,2019-07-05,282.79998779296875,2.1000001430511475,0.006619999650865793,30.100000381469727,1.2200000286102295,7.0,286.5,3.1000001430511475
44.47648362832761,-110.87294913399433,1996.0,7.0,6.0,1996-07-06,1,,2404.0,5.9,44.483333333333334,-110.89166663333334,1996-07-06,293.20001220703125,0.0,0.005260000005364418,80.30000305175781,0.85999995470047,6.800000190734863,338.3999938964844,4.0
47.763987317960115,-104.89295322834393,1984.0,12.0,11.0,1984-12-11,1,,717.0,7.5,47.775000000000006,-104.89166663333334,1984-12-11,255.89999389648438,1.8000000715255737,0.0015300000086426735,43.70000076293945,0.1899999976158142,0.9000000357627869,54.20000076293945,5.099999904632568
41.51266058295637,-100.72482036897362,2011.0,3.0,18.0,2011-03-18,1,,945.0,6.9,41.525000000000006,-100.72499996666667,2011-03-18,273.8999938964844,0.6000000238418579,0.0030999998562037945,67.80000305175781,0.6200000047683716,3.5,134.0,2.9000000953674316
38.69044602468111,-119.83143564146533,1988.0,8.0,11.0,1988-08-11,1,,1975.0,6.0,38.69166666666667,-119.84999996666667,1988-08-11,281.8999938964844,0.0,0.005649999715387821,18.600000381469727,1.3600000143051147,5.599999904632568,298.8999938964844,3.200000047683716
42.59551974221409,-92.32230471489748,1985.0,1.0,27.0,1985-01-27,1,,300.0,6.1,42.608333333333334,-92.30833330000002,1985-01-27,270.5,0.0,0.0013699999544769526,87.20000457763672,0.12999999523162842,0.800000011920929,90.0999984741211,5.200000286102295
45.01794988563913,-97.9170653321448,2015.0,10.0,26.0,2015-10-26,1,,456.0,7.1,45.025000000000006,-97.93333330000002,2015-10-26,284.6000061035156,0.0,0.004909999668598175,53.5,0.29999998211860657,1.7000000476837158,107.20000457763672,2.5
48.28094132072828,-109.52323418323535,1996.0,1.0,25.0,1996-01-25,1,,1172.0,6.9,48.275000000000006,-109.51666663333334,1996-01-25,259.5,0.800000011920929,0.000590000010561198,83.0999984741211,0.07000000029802322,0.30000001192092896,81.70000457763672,1.899999976158142
46.27779795156677,-111.68633374464709,2005.0,5.0,5.0,2005-05-05,1,,1613.0,7.0,46.275000000000006,-111.68333330000002,2005-05-05,277.6000061035156,0.5,0.005579999648034573,33.79999923706055,0.75,4.900000095367432,229.60000610351562,3.0
48.81032848077662,-121.10892741386314,1983.0,3.0,10.0,1983-03-10,1,,958.0,5.7,48.81666666666667,-121.09999996666667,1983-03-10,270.70001220703125,9.90000057220459,0.004249999765306711,100.0,0.07999999821186066,0.800000011920929,88.0999984741211,5.700000286102295
41.56337165326234,-104.94002263858992,1986.0,3.0,6.0,1986-03-06,1,,1826.0,7.4,41.56666666666667,-104.93333330000002,1986-03-06,288.29998779296875,0.0,0.0028699999675154686,21.0,0.7400000095367432,4.599999904632568,170.60000610351562,3.9000000953674316
39.09765071109774,-101.98981672040404,1988.0,4.0,9.0,1988-04-09,1,,1207.0,7.3,39.10833333333334,-101.97499996666667,1988-04-09,272.29998779296875,0.0,0.002630000002682209,16.200000762939453,0.6200000047683716,5.800000190734863,191.6999969482422,7.700000286102295
38.14657830631721,-87.47115201580316,2004.0,10.0,16.0,2004-10-16,1,,130.0,6.0,38.150000000000006,-87.47499996666667,2004-10-16,285.0,0.0,0.003819999983534217,34.10000228881836,0.4599999785423279,2.6000001430511475,179.60000610351562,6.200000286102295
39.14800403840539,-116.78586997844211,1989.0,10.0,27.0,1989-10-27,1,,2337.0,7.3,39.150000000000006,-116.76666663333334,1989-10-27,280.0,0.0,0.003329999977722764,37.20000076293945,0.28999999165534973,2.5,154.0,5.0
45.3995,-109.9633,1993.0,7.0,10.0,1993-07-10,1,2.0,1984.0,6.2,45.400000000000006,-109.97499996666667,1993-07-10,287.8999938964844,4.0,0.00610999995842576,99.0,0.4899999797344208,3.6000001430511475,262.20001220703125,2.299999952316284
45.54309849169691,-105.59883642773235,1999.0,8.0,22.0,1999-08-22,1,,1005.0,7.5,45.525000000000006,-105.59999996666667,1999-08-22,302.20001220703125,0.0,0.00810999982059002,23.600000381469727,1.6999999284744263,9.600000381469727,260.5,5.400000095367432
45.457367672547754,-112.96358538111917,2017.0,6.0,2.0,2017-06-02,1,,3021.0,6.7,45.44166666666667,-112.97499996666667,2017-06-02,288.1000061035156,0.0,0.005080000031739473,78.5,0.5899999737739563,4.300000190734863,315.8999938964844,3.1000001430511475
48.9839574464211,-98.15268599663918,2013.0,2.0,11.0,2013-02-11,1,,459.0,7.0,48.983333333333334,-98.14166663333334,2013-02-11,266.5,0.0,0.0015699999639764428,74.80000305175781,0.03999999910593033,0.5,118.4000015258789,5.700000286102295
39.6211981960764,-110.98757728670148,1995.0,1.0,14.0,1995-01-14,1,,2002.0,7.8,39.60833333333334,-110.97499996666667,1995-01-14,275.8999938964844,0.6000000238418579,0.0037299999967217445,100.0,0.09999999403953552,0.9000000357627869,104.20000457763672,4.099999904632568
45.5161,-110.7657,1992.0,6.0,22.0,1992-06-22,1,2.0,1848.0,6.4,45.525000000000006,-110.76666663333334,1992-06-22,297.6000061035156,0.0,0.0071299998089671135,67.20000457763672,1.1699999570846558,6.700000286102295,313.8999938964844,2.5
48.47674,-121.0654,2019.0,9.0,6.0,2019-09-06,1,3.0,1528.0,5.0,48.483333333333334,-121.05833330000002,2019-09-06,282.5,0.0,0.006559999659657478,32.79999923706055,0.9199999570846558,3.799999952316284,221.3000030517578,3.1000001430511475
43.48816909831337,-123.40048984695684,2020.0,1.0,24.0,2020-01-24,1,,271.0,5.8,43.483333333333334,-123.39166663333334,2020-01-24,285.6000061035156,4.700000286102295,0.006169999949634075,68.80000305175781,0.2199999988079071,1.7000000476837158,62.10000228881836,5.700000286102295
37.94491980835754,-99.43790673989987,2016.0,12.0,25.0,2016-12-25,1,,684.0,6.8,37.94166666666667,-99.43333330000002,2016-12-25,287.20001220703125,5.400000095367432,0.005339999683201313,100.0,0.6899999976158142,3.5,83.9000015258789,10.40000057220459
43.7019,-111.3327,1991.0,7.0,26.0,1991-07-26,1,2.0,2419.0,5.7,43.69166666666667,-111.34999996666667,1991-07-26,283.1000061035156,0.699999988079071,0.007549999747425318,76.70000457763672,1.100000023841858,7.0,298.20001220703125,3.6000001430511475
43.68915101047228,-88.69482711521113,2006.0,2.0,13.0,2006-02-13,1,,276.0,6.5,43.69166666666667,-88.68333330000002,2006-02-13,272.0,0.0,0.001829999964684248,86.0,0.11999999731779099,0.800000011920929,81.70000457763672,5.0
41.94403661774952,-108.44760845971813,2008.0,4.0,2.0,2008-04-02,1,,2027.0,8.2,41.94166666666667,-108.43333330000002,2008-04-02,264.5,0.0,0.0027299998328089714,41.0,0.26999998092651367,1.899999976158142,201.10000610351562,2.700000047683716
38.38460263744488,-90.2976262516892,2005.0,1.0,4.0,2005-01-04,1,,117.0,6.8,38.400000000000006,-90.30833330000002,2005-01-04,282.0,30.0,0.004979999735951424,63.60000228881836,0.1899999976158142,1.100000023841858,33.0,3.200000047683716
44.33768,-116.17208,2005.0,5.0,30.0,2005-05-30,1,1.0,1582.0,6.2,44.358333333333334,-116.18333330000002,2005-05-30,279.20001220703125,0.0,0.005909999832510948,35.29999923706055,0.7799999713897705,6.300000190734863,322.3000183105469,4.0
39.6269294753659,-90.47221528635251,2001.0,2.0,3.0,2001-02-03,1,,162.0,6.4,39.60833333333334,-90.47499996666667,2001-02-03,276.3999938964844,0.0,0.0020899998489767313,30.600000381469727,0.20999999344348907,1.2000000476837158,87.4000015258789,4.900000095367432
46.7939,-109.5089,2008.0,8.0,16.0,2008-08-16,1,2.0,1851.0,5.8,46.775000000000006,-109.51666663333334,2008-08-16,277.29998779296875,1.5,0.00484999967738986,24.600000381469727,1.1699999570846558,6.5,268.1000061035156,3.200000047683716
41.3384784811148,-103.13832453952378,2013.0,2.0,10.0,2013-02-10,1,,1347.0,7.2,41.35833333333334,-103.14166663333334,2013-02-10,276.6000061035156,3.0,0.0024399999529123306,42.900001525878906,0.2199999988079071,2.299999952316284,80.30000305175781,9.40000057220459
43.7707516,-110.8871078,1991.0,7.0,26.0,1991-07-26,1,2.0,2255.5,5.7,43.775000000000006,-110.89166663333334,1991-07-26,279.0,1.100000023841858,0.007079999893903732,83.4000015258789,0.7899999618530273,5.900000095367432,284.5,3.6000001430511475
48.38822,-116.15222,2010.0,8.0,9.0,2010-08-09,1,2.0,1508.0,5.6,48.400000000000006,-116.14166663333334,2010-08-09,292.5,0.0,0.006060000043362379,63.60000228881836,0.8799999952316284,6.0,282.8000183105469,3.6000001430511475
38.74772111311739,-100.48585896106802,1984.0,8.0,10.0,1984-08-10,1,,750.0,7.8,38.73333333333334,-100.47499996666667,1984-08-10,291.5,8.800000190734863,0.011419999413192272,23.30000114440918,1.6999999284744263,6.800000190734863,259.3000183105469,2.299999952316284
41.41072,-123.21194,2019.0,9.0,3.0,2019-09-03,1,3.0,1796.0,5.9,41.400000000000006,-123.22499996666667,2019-09-03,285.5,0.0,0.007019999902695417,25.899999618530273,1.2699999809265137,4.5,260.3999938964844,2.4000000953674316
48.87671607504288,-103.04420837272218,2014.0,6.0,23.0,2014-06-23,1,,604.0,7.3,48.858333333333334,-103.05833330000002,2014-06-23,295.5,0.0,0.008859999477863312,43.900001525878906,0.7099999785423279,5.300000190734863,217.0,4.400000095367432
38.26353790441481,-101.5568737572738,2005.0,7.0,13.0,2005-07-13,1,,1051.0,7.7,38.275000000000006,-101.55833330000002,2005-07-13,291.79998779296875,0.0,0.010359999723732471,23.899999618530273,2.129999876022339,8.699999809265137,318.3000183105469,2.700000047683716
40.51107364258489,-105.10459209821202,2001.0,7.0,15.0,2001-07-15,1,,1540.0,7.5,40.525000000000006,-105.09999996666667,2001-07-15,300.6000061035156,0.0,0.00965999998152256,29.899999618530273,1.1699999570846558,5.0,286.70001220703125,1.899999976158142
39.70410625960209,-88.45626781612637,1989.0,2.0,4.0,1989-02-04,1,,201.0,6.0,39.69166666666667,-88.47499996666667,1989-02-04,261.3999938964844,3.4000000953674316,0.0014700000174343586,59.400001525878906,0.07000000029802322,0.5,44.0,4.099999904632568
39.28280792118393,-111.30569395712796,1999.0,3.0,19.0,1999-03-19,1,,2378.0,7.4,39.275000000000006,-111.30833330000002,1999-03-19,272.5,0.0,0.0021899999119341373,54.400001525878906,0.8700000047683716,4.099999904632568,230.60000610351562,1.899999976158142
44.93644497461737,-98.72047343818456,2012.0,12.0,25.0,2012-12-25,1,,403.0,7.0,44.94166666666667,-98.72499996666667,2012-12-25,264.70001220703125,0.0,0.0009999999310821295,52.70000076293945,0.07999999821186066,0.4000000059604645,69.9000015258789,1.899999976158142
44.3268,-118.6764,1995.0,8.0,16.0,1995-08-16,1,2.0,1877.0,6.1,44.31666666666667,-118.68333330000002,1995-08-16,292.5,0.6000000238418579,0.005789999850094318,26.700000762939453,0.9399999976158142,4.5,240.8000030517578,3.9000000953674316
43.05337747283837,-108.75106408705206,2004.0,5.0,7.0,2004-05-07,1,,1661.0,7.9,43.06666666666667,-108.76666663333334,2004-05-07,298.0,0.0,0.004230000078678131,48.70000076293945,1.5299999713897705,7.900000095367432,291.8000183105469,3.200000047683716
48.27835161072365,-104.5430946519794,2019.0,5.0,27.0,2019-05-27,1,,669.0,7.3,48.275000000000006,-104.55833330000002,2019-05-27,273.29998779296875,0.0,0.005699999630451202,33.400001525878906,0.5699999928474426,5.099999904632568,331.0,3.4000000953674316
48.14285927016802,-103.94650369767595,1989.0,5.0,31.0,1989-05-31,1,,670.0,7.3,48.150000000000006,-103.93333330000002,1989-05-31,294.29998779296875,0.0,0.005699999630451202,30.0,0.7899999618530273,4.400000095367432,294.5,2.6000001430511475
47.52424479770822,-98.2539920415558,1996.0,9.0,8.0,1996-09-08,1,,442.0,7.4,47.525000000000006,-98.26666663333334,1996-09-08,282.29998779296875,0.0,0.006379999686032534,24.5,1.4499999284744263,7.5,220.8000030517578,4.099999904632568
41.50018284933221,-119.877782976122,2020.0,7.0,14.0,2020-07-14,1,,2045.0,6.8,41.48333333333334,-119.89166663333334,2020-07-14,299.6000061035156,0.0,0.004299999680370092,48.900001525878906,1.7599999904632568,8.300000190734863,342.3000183105469,2.700000047683716
42.8991,-122.619,2008.0,9.0,18.0,2008-09-18,1,3.0,1583.0,5.6,42.900000000000006,-122.59999996666667,2008-09-18,280.79998779296875,0.0,0.004739999771118164,20.5,1.2899999618530273,6.0,236.5,3.0
44.1121738334301,-97.2388965293725,1999.0,3.0,15.0,1999-03-15,1,,553.0,7.0,44.108333333333334,-97.22499996666667,1999-03-15,265.6000061035156,0.0,0.0030499999411404133,100.0,0.14999999105930328,1.7000000476837158,207.40000915527344,3.4000000953674316
39.79646812430402,-105.42747500336274,2015.0,6.0,14.0,2015-06-14,1,,2838.0,5.7,39.81666666666667,-105.43333330000002,2015-06-14,279.5,0.0,0.005799999926239252,69.4000015258789,0.9399999976158142,5.5,261.6000061035156,2.4000000953674316
47.54518204308381,-100.44466833208973,2012.0,1.0,20.0,2012-01-20,1,,580.0,7.3,47.525000000000006,-100.43333330000002,2012-01-20,260.3999938964844,0.0,0.0006399999838322401,50.29999923706055,0.07999999821186066,0.30000001192092896,79.4000015258789,1.899999976158142
40.650709977974095,-120.75972971232382,2011.0,9.0,4.0,2011-09-04,1,,1556.0,,40.650000000000006,-120.76666663333334,2011-09-04,278.8999938964844,0.0,0.0027199999894946814,42.29999923706055,2.180000066757202,8.5,273.3999938964844,2.799999952316284
44.7207,-121.9373,2003.0,7.0,25.0,2003-07-25,1,2.0,1372.0,5.3,44.733333333333334,-121.93333330000002,2003-07-25,280.70001220703125,0.0,0.006459999829530716,25.700000762939453,1.209999918937683,5.0,284.8000183105469,2.4000000953674316
41.19161098413792,-87.96336384748952,2009.0,10.0,5.0,2009-10-05,1,,185.0,6.0,41.19166666666667,-87.97499996666667,2009-10-05,277.5,0.0,0.005159999709576368,43.60000228881836,0.5699999928474426,2.200000047683716,183.5,1.899999976158142
43.70514097159024,-118.22327643842188,2004.0,9.0,6.0,2004-09-06,1,,1451.0,7.1,43.69166666666667,-118.22499996666667,2004-09-06,297.29998779296875,0.0,0.003619999857619405,19.5,1.459999918937683,3.700000047683716,255.40000915527344,1.399999976158142
48.37997,-120.58455,2005.0,7.0,24.0,2005-07-24,1,2.0,2215.0,5.8,48.400000000000006,-120.59999996666667,2005-07-24,276.29998779296875,0.0,0.003759999992325902,31.600000381469727,0.7799999713897705,5.900000095367432,327.3999938964844,3.4000000953674316
47.40523525223206,-102.8713495790189,2012.0,12.0,17.0,2012-12-17,1,,750.0,6.6,47.400000000000006,-102.89166663333334,2012-12-17,275.29998779296875,0.0,0.0018999999156221747,41.79999923706055,0.20999999344348907,1.100000023841858,64.5999984741211,2.9000000953674316
47.50361558929022,-106.17768190475137,1996.0,6.0,22.0,1996-06-22,1,,806.0,7.7,47.483333333333334,-106.18333330000002,1996-06-22,291.79998779296875,14.0,0.007579999975860119,100.0,0.3199999928474426,2.799999952316284,102.30000305175781,4.700000286102295
38.65600370812163,-112.86040015557454,1996.0,2.0,1.0,1996-02-01,1,,1563.0,8.2,38.650000000000006,-112.84999996666667,1996-02-01,277.6000061035156,1.0,0.0033499998971819878,100.0,0.14999999105930328,0.800000011920929,79.5,1.7000000476837158
48.66001761559574,-101.16000767570429,2010.0,11.0,22.0,2010-11-22,1,,456.0,7.6,48.650000000000006,-101.14166663333334,2010-11-22,259.0,0.0,0.0009999999310821295,100.0,0.0,0.0,51.29999923706055,3.299999952316284
39.643630742520635,-94.04578886294517,2011.0,1.0,15.0,2011-01-15,1,,265.0,6.1,39.650000000000006,-94.05833330000002,2011-01-15,261.70001220703125,0.0,0.001979999942705035,100.0,0.03999999910593033,0.4000000059604645,75.80000305175781,3.799999952316284
45.08568,-116.60664,1982.0,7.0,12.0,1982-07-12,1,2.0,1495.0,6.3,45.06666666666667,-116.59999996666667,1982-07-12,299.5,0.0,0.006799999624490738,54.29999923706055,1.4499999284744263,7.200000286102295,334.0,2.200000047683716
44.32133915479641,-111.95956676859997,2016.0,8.0,31.0,2016-08-31,1,,1945.0,6.9,44.31666666666667,-111.97499996666667,2016-08-31,303.0,0.0,0.004600000102072954,40.900001525878906,2.180000066757202,6.5,196.10000610351562,4.400000095367432
46.95139712835707,-97.07475650668783,1999.0,7.0,12.0,1999-07-12,1,,276.0,7.1,46.94166666666667,-97.05833330000002,1999-07-12,302.3999938964844,0.4000000059604645,0.011500000022351742,46.400001525878906,0.9799999594688416,7.300000190734863,317.0,4.400000095367432
46.75612,-121.73578,2005.0,8.0,1.0,2005-08-01,1,2.0,1795.0,5.4,46.775000000000006,-121.72499996666667,2005-08-01,281.29998779296875,0.0,0.006539999973028898,43.60000228881836,0.5600000023841858,4.599999904632568,261.70001220703125,3.299999952316284
44.978231290690005,-95.77087028188554,1998.0,9.0,15.0,1998-09-15,1,,312.0,7.5,44.983333333333334,-95.76666663333334,1998-09-15,285.0,0.0,0.007849999703466892,30.5,0.9399999976158142,3.700000047683716,215.8000030517578,3.1000001430511475
47.89623,-117.09846,2020.0,8.0,13.0,2020-08-13,1,2.0,1416.0,5.9,47.900000000000006,-117.09999996666667,2020-08-13,292.29998779296875,0.0,0.004050000105053186,54.10000228881836,1.0499999523162842,5.400000095367432,261.0,2.299999952316284
40.21186471289145,-123.32198968307411,1999.0,1.0,30.0,1999-01-30,1,,968.0,5.9,40.19166666666667,-123.30833330000002,1999-01-30,272.3999938964844,0.0,0.004609999712556601,100.0,0.05999999865889549,0.800000011920929,71.5999984741211,7.5
42.53324023293033,-100.95469181049603,2007.0,1.0,2.0,2007-01-02,1,,959.0,6.9,42.525000000000006,-100.97499996666667,2007-01-02,276.6000061035156,0.0,0.0020099999383091927,85.5,0.23999999463558197,1.7000000476837158,88.5999984741211,4.200000286102295
46.19333,-117.57639,1997.0,6.0,28.0,1997-06-28,1,2.0,1696.0,6.0,46.19166666666667,-117.55833330000002,1997-06-28,292.0,2.700000047683716,0.006300000008195639,46.900001525878906,0.699999988079071,5.5,301.3000183105469,3.0
43.562,-111.0545,1999.0,7.0,28.0,1999-07-28,1,2.0,2044.0,6.5,43.56666666666667,-111.05833330000002,1999-07-28,303.5,0.0,0.00764999957755208,22.30000114440918,1.8600000143051147,7.900000095367432,301.8999938964844,2.6000001430511475
45.4724,-110.9302,1999.0,8.0,4.0,1999-08-04,1,2.0,2366.0,5.9,45.483333333333334,-110.93333330000002,1999-08-04,294.5,1.7000000476837158,0.007419999688863754,28.399999618530273,0.949999988079071,5.300000190734863,201.90000915527344,3.1000001430511475
43.015657838937045,-113.2461964638667,2002.0,3.0,30.0,2002-03-30,1,,1500.0,7.7,43.025000000000006,-113.26666663333334,2002-03-30,273.0,0.0,0.0036499998532235622,33.70000076293945,0.6399999856948853,5.200000286102295,232.5,5.200000286102295
44.51156,-121.80935,2020.0,7.0,4.0,2020-07-04,1,2.0,1594.0,5.7,44.525000000000006,-121.80833330000002,2020-07-04,290.70001220703125,0.0,0.006209999788552523,98.9000015258789,0.5199999809265137,4.900000095367432,349.8000183105469,2.1000001430511475
46.92492189700925,-95.14793686456963,2006.0,7.0,16.0,2006-07-16,1,,444.0,6.4,46.94166666666667,-95.14166663333334,2006-07-16,291.3999938964844,0.0,0.014349999837577343,37.20000076293945,1.6699999570846558,6.700000286102295,305.20001220703125,3.6000001430511475
46.5115894,-114.2445502,1982.0,6.0,21.0,1982-06-21,1,2.0,2815.0,6.7,46.525000000000006,-114.22499996666667,1982-06-21,294.70001220703125,1.600000023841858,0.006919999606907368,73.0999984741211,0.9199999570846558,5.400000095367432,302.70001220703125,1.7000000476837158
47.53047320056859,-113.64464990956145,2004.0,2.0,13.0,2004-02-13,1,,1395.0,6.0,47.525000000000006,-113.64166663333334,2004-02-13,277.8999938964844,0.0,0.0020800000056624413,77.5999984741211,0.32999998331069946,1.600000023841858,121.9000015258789,4.800000190734863
48.64902,-121.79135,2020.0,8.0,30.0,2020-08-30,1,2.0,1233.0,4.8,48.650000000000006,-121.80833330000002,2020-08-30,289.1000061035156,3.799999952316284,0.005309999920427799,79.0,0.5600000023841858,3.5,199.6999969482422,2.299999952316284
48.299759472303684,-110.71980240113876,1997.0,11.0,30.0,1997-11-30,1,,887.0,7.8,48.31666666666667,-110.72499996666667,1997-11-30,283.79998779296875,0.0,0.0031599998474121094,100.0,0.41999998688697815,2.200000047683716,52.0,3.5
45.83306,-117.96278,2001.0,7.0,22.0,2001-07-22,1,2.0,1440.0,,45.81666666666667,-117.97499996666667,2001-07-22,295.5,0.0,0.007149999961256981,41.20000076293945,0.8700000047683716,4.800000190734863,315.3000183105469,2.5
44.1772,-121.9078,1995.0,9.0,9.0,1995-09-09,1,3.0,1194.0,5.8,44.19166666666667,-121.89166663333334,1995-09-09,293.79998779296875,0.0,0.0073899999260902405,100.0,0.5600000023841858,3.200000047683716,251.60000610351562,2.4000000953674316
45.603140207046906,-103.91928669499443,1982.0,3.0,2.0,1982-03-02,1,,976.0,7.7,45.608333333333334,-103.93333330000002,1982-03-02,260.29998779296875,1.5,0.0016299999551847577,28.0,0.14000000059604645,1.399999976158142,82.4000015258789,5.900000095367432
42.62570118413433,-106.47647904828307,2003.0,1.0,10.0,2003-01-10,1,,1737.0,7.7,42.608333333333334,-106.47499996666667,2003-01-10,272.20001220703125,0.0,0.0017900000093504786,98.0999984741211,0.14000000059604645,0.6000000238418579,89.70000457763672,3.200000047683716
45.2794,-121.6756,1991.0,7.0,1.0,1991-07-01,1,2.0,1288.0,5.5,45.275000000000006,-121.68333330000002,1991-07-01,280.6000061035156,0.0,0.008259999565780163,98.70000457763672,0.6200000047683716,5.300000190734863,353.3999938964844,1.5
39.30091528759123,-99.47777407032785,1994.0,6.0,4.0,1994-06-04,1,,637.0,7.2,39.31666666666667,-99.47499996666667,1994-06-04,287.20001220703125,0.0,0.012519999407231808,100.0,1.3299999237060547,7.200000286102295,315.0,6.900000095367432
46.220984269444,-114.62445078476404,2012.0,9.0,21.0,2012-09-21,1,,1868.0,5.7,46.233333333333334,-114.64166663333334,2012-09-21,298.1000061035156,0.0,0.0046699997037649155,16.700000762939453,1.4499999284744263,6.0,200.6999969482422,2.9000000953674316
41.54671683422728,-96.86582040366429,2016.0,12.0,16.0,2016-12-16,1,,409.0,6.4,41.56666666666667,-96.84999996666667,2016-12-16,268.8999938964844,1.600000023841858,0.0015199999324977398,100.0,0.1599999964237213,0.800000011920929,42.20000076293945,5.099999904632568
43.575127034522936,-90.79716017153268,2003.0,11.0,11.0,2003-11-11,1,,363.0,5.9,43.56666666666667,-90.80833330000002,2003-11-11,287.20001220703125,0.0,0.00484999967738986,63.10000228881836,0.3400000035762787,2.1000001430511475,100.70000457763672,3.9000000953674316
40.702451816939906,-89.0088966156672,1980.0,6.0,26.0,1980-06-26,1,,219.0,6.5,40.69166666666667,-89.01666663333334,1980-06-26,307.3999938964844,0.5,0.014299999922513962,80.5999984741211,1.7300000190734863,7.700000286102295,317.1000061035156,2.200000047683716
46.07222,-117.46917,2002.0,7.0,27.0,2002-07-27,1,2.0,1760.0,6.0,46.06666666666667,-117.47499996666667,2002-07-27,281.6000061035156,0.0,0.005200000014156103,59.5,1.1100000143051147,7.200000286102295,245.0,4.599999904632568
39.97600306568749,-91.32374501742888,2010.0,5.0,23.0,2010-05-23,1,,221.0,5.8,39.98333333333334,-91.30833330000002,2010-05-23,304.29998779296875,0.0,0.015709999948740005,90.5,1.0399999618530273,7.599999904632568,301.20001220703125,5.0
46.83818,-116.11056,2002.0,7.0,11.0,2002-07-11,1,2.0,1775.0,5.9,46.858333333333334,-116.09999996666667,2002-07-11,289.20001220703125,0.0,0.007999999448657036,45.400001525878906,2.109999895095825,8.300000190734863,333.5,2.299999952316284
39.69575355500273,-121.35526307728574,2005.0,7.0,19.0,2005-07-19,1,,835.0,5.9,39.69166666666667,-121.34999996666667,2005-07-19,294.79998779296875,0.0,0.011429999954998493,28.600000381469727,2.299999952316284,8.199999809265137,353.3000183105469,1.8000000715255737
46.28489877054683,-119.47970510795778,1985.0,6.0,5.0,1985-06-05,1,,141.0,7.6,46.275000000000006,-119.47499996666667,1985-06-05,296.3999938964844,1.2000000476837158,0.006619999650865793,84.4000015258789,1.0699999332427979,5.300000190734863,269.3999938964844,4.300000190734863
40.04354698413639,-92.96209891657388,2001.0,3.0,1.0,2001-03-01,1,,290.0,5.7,40.025000000000006,-92.97499996666667,2001-03-01,276.8999938964844,0.4000000059604645,0.0028899998869746923,52.20000076293945,0.12999999523162842,0.800000011920929,79.30000305175781,2.5
